trade_date,a_open,a_high,a_low,a_close,a_vol,a_amount,h_open,h_high,h_low,h_close,h_vol,h_amount,ah_ratio
2023-07-04,51.0,52.0,50.63,51.41,29585461.0,1519450000.0,20.6,21.25,20.45,20.8,21689858.0,452782296.2,2.4716
2023-07-05,51.25,51.4,50.71,50.98,17445749.0,889900000.0,20.8,21.05,20.2,20.25,14523819.0,296928481.75,2.5175
2023-07-06,50.89,51.05,49.89,50.0,23210269.0,1168690000.0,20.05,20.4,19.8,19.88,17305183.0,345799513.9,2.5151
2023-07-07,49.81,50.18,49.06,49.38,28336113.0,1405030000.0,19.88,19.94,19.5,19.7,29212126.0,573266023.12,2.5066
2023-07-10,49.41,49.88,49.38,49.72,11969183.0,594210000.0,19.9,20.0,19.52,19.64,17471259.0,345563845.62,2.5316
2023-07-11,49.72,50.42,49.5,50.3,19669601.0,983660000.0,19.76,20.15,19.64,19.8,22252608.0,442967250.64,2.5404
2023-07-12,50.32,50.45,48.22,48.38,38371993.0,1881910000.0,19.98,20.0,19.46,19.6,20044860.0,394488173.42,2.4684
2023-07-13,48.6,49.37,48.6,49.2,25077299.0,1229560000.0,19.92,20.1,19.7,19.86,24995023.0,497537352.02,2.4773
2023-07-14,49.2,50.13,49.16,49.46,18322747.0,909160000.0,20.0,20.4,19.96,20.15,40792090.0,825403656.5,2.4546
2023-07-17,49.16,49.46,48.6,48.77,16507870.0,806860000.0,,,,,,,
2023-07-18,49.0,50.75,49.0,49.7,27880112.0,1394190000.0,19.86,20.4,19.46,19.62,40197053.0,794849895.48,2.5331
2023-07-19,49.5,49.58,48.88,49.15,16050293.0,788840000.0,19.46,19.56,19.28,19.38,17870108.0,346310904.56,2.5361
2023-07-20,49.33,49.55,49.02,49.29,13065589.0,644080000.0,19.44,19.64,19.26,19.26,13400925.0,260223248.5,2.5592
2023-07-21,49.01,49.24,48.88,49.0,12584518.0,617120000.0,19.3,19.36,18.86,19.02,19988886.0,381045118.56,2.5762
2023-07-24,48.88,49.51,48.84,49.0,11374978.0,559330000.0,19.0,19.0,18.22,18.48,32816216.0,608717377.42,2.6515
2023-07-25,49.66,49.8,49.23,49.77,17966883.0,890950000.0,18.88,19.04,18.64,18.92,31775469.0,600073580.28,2.6305
2023-07-26,49.66,50.18,49.54,50.15,16115319.0,803410000.0,18.9,19.2,18.78,18.92,17458581.0,331256725.0,2.6506
2023-07-27,50.01,50.14,49.2,49.39,16339062.0,812610000.0,19.0,19.22,18.9,19.1,16431458.0,313833416.0,2.5859
2023-07-28,49.03,50.35,48.99,50.26,18698054.0,933060000.0,19.1,19.76,19.02,19.62,22782987.0,444463105.58,2.5617
2023-07-31,50.31,51.38,50.28,51.36,25944137.0,1324880000.0,19.8,20.25,19.62,19.68,28575259.0,568546960.76,2.6098
2023-08-01,51.4,51.57,50.49,50.72,18110314.0,921400000.0,19.7,19.84,19.24,19.26,19055649.0,371637690.54,2.6334
2023-08-02,50.87,51.12,50.66,50.83,10813980.0,549980000.0,19.24,19.6,18.92,18.92,15150176.0,289594648.68,2.6866
2023-08-03,50.7,51.18,50.18,50.91,12048176.0,613430000.0,18.98,19.12,18.8,18.8,15381599.0,290752131.0,2.708
2023-08-04,51.37,51.61,51.01,51.1,17100810.0,875910000.0,19.08,19.16,18.72,18.72,22357850.0,422698303.3,2.7297
2023-08-07,51.12,51.18,49.06,49.26,32403942.0,1610430000.0,18.78,18.9,18.44,18.62,22802919.0,424003397.08,2.6455
2023-08-08,49.12,49.9,48.98,49.47,16147977.0,796860000.0,18.56,18.72,18.3,18.46,18507508.0,342634537.22,2.6798
2023-08-09,49.3,49.59,48.46,48.64,17961032.0,878530000.0,18.46,18.58,18.32,18.58,14736461.0,271492475.52,2.6179
2023-08-10,48.66,49.0,48.34,48.47,14184613.0,688660000.0,18.5,18.54,18.26,18.48,13162084.0,241848197.96,2.6228
2023-08-11,48.85,48.95,46.91,46.92,31855553.0,1514520000.0,18.6,18.66,18.04,18.1,25677752.0,467318866.34,2.5923
2023-08-14,46.58,47.36,46.3,47.34,13585284.0,638640000.0,18.0,18.02,17.46,17.64,32076439.0,566428880.64,2.6837
2023-08-15,47.47,47.75,46.91,47.52,12926112.0,612790000.0,17.64,17.92,17.52,17.7,15209511.0,270050180.22,2.6847
2023-08-16,47.5,48.09,47.3,47.55,13753666.0,656990000.0,17.66,17.94,17.5,17.5,18835920.0,333485586.88,2.7171
2023-08-17,47.3,48.25,46.71,48.15,13423274.0,642150000.0,17.5,17.9,17.3,17.7,20000120.0,351708633.0,2.7203
2023-08-18,48.78,48.86,47.87,48.01,14735792.0,712240000.0,17.72,18.1,17.5,17.64,16060513.0,285855176.0,2.7217
2023-08-21,47.9,48.59,47.63,47.68,11187804.0,539060000.0,17.64,17.64,17.04,17.04,17726191.0,305895711.84,2.7981
2023-08-22,47.87,48.97,47.6,48.82,20256083.0,980420000.0,17.2,17.56,17.02,17.44,14779649.0,255558464.86,2.7993
2023-08-23,48.54,48.99,47.76,47.89,15716714.0,764490000.0,17.24,17.62,17.22,17.38,13630843.0,236896425.3,2.7555
2023-08-24,48.13,48.94,47.78,48.62,12840010.0,621820000.0,17.44,18.22,17.42,18.16,21251544.0,381566056.32,2.6773
2023-08-25,48.4,48.64,47.69,48.3,13674627.0,657420000.0,17.98,18.02,17.6,17.76,13594568.0,241538332.88,2.7196
2023-08-28,50.72,50.98,48.52,48.55,23909376.0,1184020000.0,18.4,18.52,17.74,17.8,19050362.0,344100187.86,2.7275
2023-08-29,48.61,51.0,48.61,51.0,39593938.0,1990120000.0,18.0,19.22,17.88,19.08,48710083.0,911000126.3,2.673
2023-08-30,53.98,54.54,52.32,52.94,71122489.0,3804530000.0,19.9,20.3,19.2,19.22,98165258.0,1944296049.4,2.7544
2023-08-31,52.6,54.79,52.3,54.24,56791773.0,3071450000.0,19.56,20.2,19.3,19.7,61118682.0,1214101498.6,2.7533
2023-09-01,54.38,54.68,52.76,53.68,37284250.0,1997030000.0,,,,,,,
2023-09-04,53.9,56.9,53.27,56.9,55028087.0,3016680000.0,20.0,21.85,19.88,21.85,119077384.0,2459806927.0,2.6041
2023-09-05,57.36,58.66,55.15,55.63,85458434.0,4880850000.0,22.0,22.7,20.6,20.95,171381472.0,3705238102.25,2.6554
2023-09-06,55.16,57.4,54.81,56.83,65536508.0,3677820000.0,21.0,21.95,20.55,21.45,84667982.0,1798595359.35,2.6494
2023-09-07,55.88,55.88,51.96,52.12,84780882.0,4542000000.0,21.45,21.45,19.74,19.82,100507914.0,2035339753.6,2.6297
2023-09-08,52.06,53.24,51.41,52.5,49369770.0,2586770000.0,,,,,,,
2023-09-11,52.58,52.92,51.66,52.06,38528076.0,2016490000.0,19.9,20.45,19.9,20.05,41260073.0,830603332.98,2.5965
2023-09-12,52.0,52.2,51.5,51.52,24008981.0,1242870000.0,20.0,20.2,19.82,19.82,21511165.0,429462011.36,2.5994
2023-09-13,51.4,51.88,50.32,50.76,30012906.0,1528680000.0,20.05,20.2,19.52,19.82,24334891.0,483840396.9,2.561
2023-09-14,50.71,51.58,50.51,50.77,23106866.0,1177350000.0,19.9,20.15,19.8,19.82,16479044.0,328708711.72,2.5616
2023-09-15,50.93,52.63,50.61,51.7,43980023.0,2280280000.0,20.0,20.95,19.84,19.9,61569187.0,1253940208.09,2.598
2023-09-18,51.32,51.37,48.42,49.63,47102093.0,2349630000.0,19.9,19.92,18.72,18.88,52575983.0,1009296363.36,2.6287
2023-09-19,49.53,50.13,49.18,49.35,21940677.0,1087750000.0,19.02,19.52,18.9,19.3,24430575.0,468995859.44,2.557
2023-09-20,49.01,49.65,48.98,49.34,12381874.0,611060000.0,19.2,19.3,19.04,19.06,14074388.0,269870725.2,2.5887
2023-09-21,49.3,49.99,49.21,49.5,15068020.0,748420000.0,19.12,19.26,18.96,19.08,17046927.0,325011980.4,2.5943
2023-09-22,49.6,51.38,49.41,51.2,28218735.0,1425420000.0,18.92,19.6,18.92,19.52,35202694.0,681671191.36,2.623
2023-09-25,51.21,51.98,50.86,51.33,21560707.0,1109450000.0,19.72,20.1,19.62,19.8,38861299.0,771648120.08,2.5924
2023-09-26,51.2,51.2,50.01,50.06,18690221.0,941130000.0,19.98,19.98,19.12,19.34,23588487.0,458812327.36,2.5884
2023-09-27,50.18,51.0,50.07,50.66,15117637.0,765520000.0,19.5,19.68,19.38,19.58,13610262.0,266436057.2,2.5873
2023-09-28,50.7,51.42,50.25,51.15,17607565.0,896780000.0,19.58,19.82,19.32,19.8,19814745.0,388626737.82,2.5833
2023-09-29,,,,,,,19.92,20.35,19.88,20.05,13104428.0,264319343.72,
2023-10-03,,,,,,,19.6,20.05,19.48,19.7,6139407.0,120422355.4,
2023-10-04,,,,,,,19.52,19.58,19.3,19.36,5066500.0,98343311.42,
2023-10-05,,,,,,,19.5,19.5,19.12,19.22,3021436.0,58332589.98,
2023-10-06,,,,,,,19.3,19.46,19.2,19.2,4667230.0,90155864.8,
2023-10-09,50.8,51.48,50.3,50.72,15983708.0,812290000.0,19.36,19.66,19.2,19.48,7597520.0,147529317.36,2.6037
2023-10-10,50.73,51.65,50.73,50.83,16726357.0,856740000.0,19.66,20.1,19.58,19.68,11934752.0,236357275.24,2.5828
2023-10-11,50.9,54.29,50.5,54.2,46100108.0,2419360000.0,19.94,21.65,19.68,21.0,78153694.0,1625517727.33,2.581
2023-10-12,53.75,54.19,53.01,53.69,35858279.0,1920430000.0,21.45,21.55,20.7,21.0,40003630.0,841303523.9,2.5567
2023-10-13,53.17,55.88,53.06,54.56,50016405.0,2741420000.0,20.8,21.65,20.55,20.7,47077815.0,996403370.25,2.6357
2023-10-16,54.3,55.1,53.05,53.1,23618774.0,1270860000.0,20.7,20.95,19.84,20.15,32879196.0,664901605.57,2.6352
2023-10-17,53.1,56.34,52.7,54.4,34767248.0,1896490000.0,20.25,21.1,19.98,20.55,28088536.0,578499801.6,2.6472
2023-10-18,55.84,56.73,54.48,54.57,44297900.0,2456940000.0,21.0,21.55,20.6,20.95,51944488.0,1097121169.05,2.6048
2023-10-19,54.13,57.28,54.0,56.03,75274144.0,4228380000.0,20.6,21.6,20.45,20.95,63425811.0,1330940297.05,2.6745
2023-10-20,55.61,58.15,55.61,57.1,70739609.0,4059010000.0,20.85,21.6,20.8,21.05,60837216.0,1299832783.35,2.7126
2023-10-23,56.88,57.74,55.5,56.79,48307464.0,2737140000.0,,,,,,,
2023-10-24,56.79,57.1,53.36,55.05,48079955.0,2653840000.0,20.95,21.5,20.25,21.2,54568573.0,1147992685.9,2.5967
2023-10-25,56.0,56.82,54.68,54.68,32205924.0,1789420000.0,21.55,21.9,21.35,21.6,38834815.0,840199780.95,2.5315
2023-10-26,54.2,55.6,54.1,54.89,28074399.0,1540010000.0,21.5,21.8,20.85,21.5,34506906.0,734352726.75,2.553
2023-10-27,54.58,57.5,54.4,56.98,47162330.0,2663840000.0,21.55,23.0,21.3,22.75,95502013.0,2145929496.35,2.5046
2023-10-30,56.74,58.98,56.67,58.3,50735385.0,2959090000.0,22.95,24.2,22.85,24.15,96645617.0,2286881837.55,2.4141
2023-10-31,58.38,58.38,56.88,57.25,28025815.0,1609410000.0,24.0,24.15,22.95,23.3,53839499.0,1256650809.7,2.4571
2023-11-01,57.14,59.08,56.78,58.21,36157565.0,2109090000.0,23.45,24.15,23.1,24.0,49944348.0,1192295786.45,2.4254
2023-11-02,58.5,59.11,57.13,57.31,29094297.0,1691160000.0,24.2,24.65,23.45,23.85,58756513.0,1412928583.6,2.4029
2023-11-03,57.45,57.99,56.81,57.86,27658732.0,1589990000.0,24.05,24.5,23.75,24.5,45417321.0,1103100189.6,2.3616
2023-11-06,57.89,58.4,56.96,57.3,33790738.0,1945330000.0,24.75,25.2,24.1,24.35,61508471.0,1509991985.95,2.3532
2023-11-07,57.0,57.55,56.01,57.55,30759314.0,1747530000.0,24.05,24.2,23.3,24.0,51536902.0,1222297170.1,2.3979
2023-11-08,57.2,59.38,57.01,58.31,46693536.0,2724470000.0,24.15,25.05,23.7,23.9,80809318.0,1968507089.3,2.4397
2023-11-09,58.01,58.61,56.87,57.0,24017841.0,1380900000.0,24.1,24.4,23.25,23.4,35411049.0,836135121.65,2.4359
2023-11-10,55.55,56.18,53.93,54.39,49718071.0,2731320000.0,22.5,23.0,21.3,21.8,135060777.0,2972902815.15,2.495
2023-11-13,54.56,54.88,53.63,54.24,24950846.0,1350560000.0,21.75,22.3,21.45,22.2,32878988.0,719114424.7,2.4432
2023-11-14,54.22,54.88,53.96,54.65,22961744.0,1248170000.0,22.3,22.3,21.3,22.05,53151888.0,1155190327.8,2.4785
2023-11-15,55.02,55.19,54.32,54.32,19729329.0,1078280000.0,22.4,22.5,21.8,22.35,38247309.0,848884472.95,2.4304
2023-11-16,54.01,54.2,53.25,53.42,19855533.0,1064430000.0,22.35,22.35,21.5,21.85,28435789.0,618209325.05,2.4449
2023-11-17,54.0,54.07,53.38,53.7,15310541.0,821890000.0,21.65,22.1,21.6,21.6,22557935.0,492652629.65,2.4861
2023-11-20,53.57,54.31,53.22,53.92,19593677.0,1053080000.0,21.95,22.5,21.6,22.4,43785459.0,973624687.2,2.4071
2023-11-21,53.98,54.34,53.58,53.61,15609020.0,843670000.0,22.5,22.65,21.7,21.7,35319979.0,783962845.0,2.4705
2023-11-22,53.42,53.79,52.63,52.64,16771245.0,893400000.0,21.75,21.95,21.1,21.45,30789827.0,661086514.8,2.4541
2023-11-23,52.5,53.46,52.42,53.38,14233329.0,753900000.0,21.5,21.9,21.2,21.8,24676088.0,532128103.0,2.4486
2023-11-24,53.2,54.2,53.15,54.09,18263435.0,981410000.0,21.45,21.7,21.4,21.55,14295053.0,308103019.0,2.51
2023-11-27,54.09,54.79,53.6,54.61,22908563.0,1242800000.0,21.85,22.35,21.25,22.2,35931448.0,787794182.0,2.4599
2023-11-28,54.69,54.88,54.2,54.55,15392083.0,840700000.0,22.4,23.0,22.1,22.75,42985234.0,974032974.8,2.3978
2023-11-29,54.61,54.79,53.6,53.7,14134076.0,764120000.0,22.9,22.9,22.2,22.6,18849053.0,424072137.65,2.3761
2023-11-30,53.76,54.19,53.45,53.7,10782874.0,580170000.0,22.9,22.95,22.15,22.15,21984983.0,493935437.2,2.4244
2023-12-01,53.6,54.57,52.9,54.15,17865482.0,960240000.0,22.2,22.25,21.2,21.25,47562283.0,1022142926.2,2.5482
2023-12-04,54.15,54.53,53.03,53.18,16556760.0,886710000.0,21.75,21.75,20.7,20.9,39491846.0,830499036.5,2.5445
2023-12-05,53.05,53.17,52.39,52.39,14397097.0,758830000.0,20.9,21.05,20.35,20.75,29272758.0,604803651.6,2.5248
2023-12-06,52.16,52.78,51.74,51.97,18213173.0,950450000.0,20.4,21.3,20.4,21.1,34260378.0,718540402.1,2.463
2023-12-07,51.88,52.67,51.55,52.67,23285236.0,1215590000.0,21.25,21.25,20.7,20.75,13391615.0,279184721.8,2.5383
2023-12-08,52.67,52.68,51.1,52.55,38139823.0,1985070000.0,20.95,21.2,20.55,20.55,16742500.0,348348884.4,2.5572
2023-12-11,52.01,53.22,51.7,53.18,21987436.0,1154540000.0,20.3,21.0,20.05,20.85,20159872.0,414504426.1,2.5506
2023-12-12,53.24,54.17,52.86,54.12,20974632.0,1124680000.0,21.0,21.35,20.65,20.85,21954801.0,461656866.8,2.5957
2023-12-13,54.0,54.56,53.7,53.75,17916295.0,970380000.0,20.85,21.1,20.55,20.55,13782739.0,286679648.65,2.6156
2023-12-14,54.0,54.2,53.07,53.1,12358424.0,664060000.0,20.8,21.1,20.25,20.3,23583425.0,485364593.75,2.6158
2023-12-15,53.29,54.14,53.03,53.6,12130924.0,651170000.0,20.7,21.1,20.6,20.6,21509200.0,448449110.0,2.6019
2023-12-18,53.49,53.99,53.2,53.74,10065168.0,540840000.0,20.85,20.85,20.15,20.35,18226499.0,371420179.35,2.6408
2023-12-19,53.65,54.94,53.61,54.76,20412523.0,1112050000.0,20.35,20.9,20.1,20.45,17622852.0,362145378.6,2.6778
2023-12-20,54.89,55.24,54.46,54.51,14475005.0,793470000.0,20.65,20.75,20.3,20.5,11958907.0,245571528.9,2.659
2023-12-21,54.24,54.7,53.36,54.57,14498278.0,786350000.0,20.4,20.65,20.2,20.45,11066025.0,225982479.2,2.6685
2023-12-22,54.49,55.19,54.39,54.79,15173506.0,832870000.0,20.65,20.95,20.05,20.15,26682091.0,544205751.6,2.7191
2023-12-25,54.6,55.0,52.85,53.01,17788368.0,954110000.0,,,,,,,
2023-12-26,53.01,53.23,51.8,51.85,14401632.0,754090000.0,,,,,,,
2023-12-27,51.83,52.29,51.18,51.91,15173450.0,786450000.0,20.15,20.25,19.42,19.74,44259257.0,867642115.58,2.6297
2023-12-28,51.7,53.45,51.68,53.13,19211860.0,1015240000.0,19.8,20.5,19.7,20.2,29740291.0,600020495.1,2.6302
2023-12-29,53.0,53.5,52.88,53.02,12648666.0,671920000.0,20.1,20.25,19.56,19.86,31959444.0,631003075.5,2.6697
2024-01-02,53.02,53.27,52.72,52.96,13459147.0,713790000.0,20.05,20.05,19.26,19.4,25004260.0,486510074.7,2.7299
2024-01-03,52.85,53.18,52.16,52.48,12847542.0,675960000.0,19.2,19.38,18.8,18.94,25819467.0,490469928.42,2.7709
2024-01-04,52.5,52.7,51.42,51.88,14888503.0,773310000.0,18.98,18.98,18.56,18.84,14236037.0,266375778.74,2.7537
2024-01-05,51.75,52.48,50.19,50.58,19436893.0,998410000.0,18.7,18.94,18.3,18.46,21595300.0,400769533.08,2.74
2024-01-08,50.59,50.81,48.6,49.5,22498764.0,1110310000.0,18.68,18.68,17.5,17.82,43172835.0,767645862.26,2.7778
2024-01-09,49.48,49.67,47.9,48.45,20494592.0,997730000.0,17.82,17.94,17.44,17.62,23395948.0,412558861.72,2.7497
2024-01-10,48.25,48.55,47.41,47.47,14963533.0,714550000.0,17.52,17.58,16.98,17.22,26247176.0,451761617.36,2.7567
2024-01-11,47.28,48.22,47.15,47.6,17859717.0,849780000.0,17.22,17.9,17.08,17.74,30073399.0,528593166.24,2.6832
2024-01-12,47.5,47.55,45.79,45.83,22900135.0,1064020000.0,17.66,17.8,17.24,17.36,18898995.0,329582879.3,2.64
2024-01-15,45.8,46.56,45.24,45.67,15943822.0,732810000.0,17.46,17.56,17.02,17.06,19569430.0,337087223.64,2.677
2024-01-16,45.59,46.08,44.9,45.99,17302575.0,787260000.0,17.06,17.4,16.66,16.76,27639721.0,467336721.74,2.744
2024-01-17,45.95,45.95,44.69,44.69,13221418.0,597550000.0,16.76,16.82,15.82,15.9,38214418.0,618427876.64,2.8107
2024-01-18,44.69,45.68,43.38,45.64,27679578.0,1227660000.0,15.88,16.12,15.62,15.84,38476529.0,611589512.68,2.8813
2024-01-19,45.5,46.38,45.2,45.86,19667425.0,901690000.0,16.0,16.46,15.62,15.62,34460430.0,550562393.06,2.936
2024-01-22,45.67,46.23,44.5,44.83,26060003.0,1187190000.0,15.68,15.76,14.74,15.0,47691724.0,723143072.62,2.9887
2024-01-23,44.83,45.69,44.53,44.72,20339156.0,915330000.0,15.0,15.62,14.94,15.2,38350881.0,587200552.72,2.9421
2024-01-24,44.94,45.58,43.73,45.37,20872935.0,930620000.0,15.54,15.76,15.1,15.5,36474397.0,561179149.4,2.9271
2024-01-25,45.45,47.41,45.07,47.26,25577149.0,1187790000.0,15.5,16.36,15.4,16.04,46491034.0,745541681.52,2.9464
2024-01-26,46.9,47.18,46.23,46.5,18009579.0,842390000.0,16.4,16.4,15.44,15.56,41903234.0,665794805.44,2.9884
2024-01-29,46.5,47.18,44.97,45.35,16819454.0,769790000.0,15.7,15.86,14.92,15.4,37690441.0,574745183.42,2.9448
2024-01-30,44.99,45.25,43.03,43.08,23631083.0,1036410000.0,15.14,15.28,14.34,14.42,52043598.0,763016719.4,2.9875
2024-01-31,43.0,44.19,41.85,43.29,26488080.0,1138960000.0,14.36,14.74,14.02,14.08,34781018.0,495340476.5,3.0746
2024-02-01,42.8,44.1,41.77,42.68,21948019.0,944850000.0,14.08,14.68,13.92,14.28,26592861.0,382895903.42,2.9888
2024-02-02,42.78,43.25,40.68,42.13,25209649.0,1061210000.0,14.46,14.66,13.9,14.08,23718754.0,337433367.44,2.9922
2024-02-05,42.26,43.55,40.32,42.97,28535349.0,1202300000.0,13.98,14.58,13.88,14.12,38780358.0,551541138.08,3.0432
2024-02-06,42.71,45.0,42.06,44.97,29276667.0,1286310000.0,14.16,15.5,14.16,15.34,51667176.0,775210566.56,2.9316
2024-02-07,44.66,44.67,42.75,42.9,44212173.0,1925690000.0,14.94,15.12,13.94,14.12,106355424.0,1533030969.74,3.0382
2024-02-08,43.11,44.3,43.03,44.0,30915460.0,1353730000.0,14.22,14.74,14.2,14.44,33665156.0,487977408.0,3.0471
2024-02-09,,,,,,,14.44,14.44,14.02,14.24,4157309.0,58918299.62,
2024-02-14,,,,,,,14.02,14.78,14.0,14.56,8057749.0,116500958.7,
2024-02-15,,,,,,,14.56,14.9,14.46,14.58,8800068.0,129228193.92,
2024-02-16,,,,,,,14.8,15.36,14.66,15.12,19787116.0,299857072.08,
2024-02-19,44.6,45.07,44.11,44.82,28569119.0,1274870000.0,15.12,15.12,14.52,14.56,52690994.0,776273667.12,3.0783
2024-02-20,44.55,45.03,43.9,44.45,18696625.0,830700000.0,14.66,14.7,14.18,14.34,50812328.0,727592794.52,3.0997
2024-02-21,44.26,45.8,44.15,44.99,24973179.0,1125350000.0,14.38,15.22,14.3,15.04,63665150.0,954086336.34,2.9914
2024-02-22,44.95,45.71,44.61,45.14,24471927.0,1102980000.0,15.04,15.44,14.92,15.16,40493645.0,614308058.64,2.9776
2024-02-23,45.26,45.44,44.6,44.98,22929630.0,1030560000.0,15.3,15.56,14.92,14.98,49783391.0,753973324.94,3.0027
2024-02-26,44.65,45.55,44.34,44.92,27158247.0,1219390000.0,15.02,15.4,14.84,15.08,29078107.0,439806788.24,2.9788
2024-02-27,44.82,47.58,44.55,47.32,50575934.0,2341710000.0,15.12,16.96,14.92,16.62,118394540.0,1896507219.92,2.8472
2024-02-28,47.0,47.92,45.5,45.56,45176027.0,2119470000.0,16.84,17.38,15.6,15.84,91816616.0,1503739683.3,2.8763
2024-02-29,45.4,49.11,45.3,48.35,56961222.0,2720710000.0,15.82,17.2,15.7,16.78,101383968.0,1700992917.0,2.8814
2024-03-01,48.05,48.75,47.7,48.51,39575468.0,1909630000.0,16.94,17.46,16.82,17.04,66878350.0,1147485628.06,2.8468
2024-03-04,48.5,48.7,47.67,48.0,27026107.0,1301180000.0,17.28,17.52,16.84,16.92,43300447.0,741265466.8,2.8369
2024-03-05,47.76,48.4,47.59,48.0,28527901.0,1365890000.0,16.78,17.1,16.38,16.38,42622168.0,709684666.04,2.9304
2024-03-06,48.0,48.05,47.01,47.59,20382827.0,969340000.0,16.44,16.98,16.14,16.6,42443144.0,705133385.88,2.8669
2024-03-07,47.65,48.45,46.8,47.09,23863063.0,1136080000.0,16.76,17.08,16.3,16.4,31561138.0,527376475.64,2.8713
2024-03-08,47.11,47.76,46.6,47.4,18947243.0,895630000.0,16.6,16.84,16.46,16.62,26124081.0,435751275.64,2.852
2024-03-11,46.86,48.23,46.5,47.99,26749425.0,1266400000.0,16.64,17.14,16.52,17.06,31905327.0,538584198.64,2.813
2024-03-12,47.86,48.5,47.68,47.88,21003183.0,1008520000.0,17.2,17.4,16.88,17.24,39377200.0,678417600.7,2.7773
2024-03-13,47.97,48.88,47.6,47.85,24307382.0,1172290000.0,17.3,17.8,17.14,17.18,39486071.0,688675598.9,2.7852
2024-03-14,47.51,47.81,46.62,46.7,20417164.0,961430000.0,17.2,17.26,16.7,16.78,33142764.0,561253953.44,2.7831
2024-03-15,46.6,46.84,46.0,46.67,16195957.0,751030000.0,16.66,16.94,16.4,16.86,26663023.0,443589910.26,2.7681
2024-03-18,46.87,48.44,46.7,47.97,29834287.0,1419260000.0,16.86,17.18,16.52,17.02,44037852.0,742721746.38,2.8184
2024-03-19,47.8,47.99,47.2,47.21,17245175.0,820460000.0,16.86,16.98,16.56,16.62,22955109.0,384118861.16,2.8406
2024-03-20,47.49,48.15,47.25,47.54,15349973.0,731910000.0,16.7,16.98,16.62,16.66,14634850.0,245345398.06,2.8535
2024-03-21,47.54,48.1,47.1,47.55,19507622.0,929590000.0,16.98,17.12,16.58,16.72,30434685.0,511074649.9,2.8439
2024-03-22,47.3,47.51,45.58,45.6,29286513.0,1357450000.0,16.68,16.72,15.66,15.8,74861354.0,1193910312.4,2.8861
2024-03-25,45.59,45.66,44.56,44.56,21448161.0,965560000.0,15.8,15.86,15.36,15.5,36015150.0,558746179.38,2.8748
2024-03-26,44.6,45.05,44.2,44.54,15427667.0,687230000.0,15.6,15.76,15.36,15.4,16643480.0,258437331.0,2.8922
2024-03-27,44.82,44.82,43.38,43.41,15933041.0,700500000.0,15.5,15.54,14.88,14.92,45057995.0,677441387.28,2.9095
2024-03-28,43.41,44.46,43.41,44.0,15507848.0,682780000.0,15.06,15.48,15.0,15.16,22918959.0,349025421.44,2.9024
2024-03-29,43.93,43.98,42.9,43.66,16538837.0,717920000.0,,,,,,,
2024-04-01,43.66,44.63,43.58,44.3,18351143.0,811630000.0,,,,,,,
2024-04-02,44.28,44.3,43.65,43.95,11506868.0,504880000.0,15.2,15.42,15.06,15.24,26945510.0,410481617.32,2.8839
2024-04-03,44.98,45.24,44.08,44.24,22360953.0,996010000.0,15.5,15.8,15.16,15.16,31007143.0,476252424.88,2.9182
2024-04-05,,,,,,,15.2,15.3,14.64,14.92,9064338.0,134486116.06,
2024-04-08,43.7,43.71,42.5,42.51,24329041.0,1042390000.0,15.02,15.02,14.36,14.52,48223740.0,703171875.7,2.9277
2024-04-09,42.37,42.88,42.25,42.7,14093875.0,600700000.0,14.52,15.04,14.52,14.98,25284874.0,374635021.3,2.8505
2024-04-10,42.7,42.98,42.1,42.18,13797541.0,585990000.0,14.88,15.2,14.7,14.7,27371560.0,407722716.02,2.8694
2024-04-11,42.1,42.6,40.5,41.19,22426324.0,931940000.0,14.58,14.76,14.28,14.44,48284277.0,697971477.42,2.8525
2024-04-12,41.02,41.45,40.31,40.33,20377015.0,829050000.0,14.5,14.5,14.16,14.18,24937700.0,355935529.5,2.8441
2024-04-15,40.33,41.55,40.01,41.19,21677822.0,886150000.0,14.12,14.74,14.1,14.52,30176064.0,437067015.6,2.8368
2024-04-16,41.0,41.87,40.78,41.18,18526991.0,766350000.0,14.48,14.5,14.02,14.02,29593617.0,420757796.46,2.9372
2024-04-17,41.2,41.79,40.91,41.75,18126686.0,752700000.0,14.02,14.3,14.02,14.18,18641070.0,264177327.12,2.9443
2024-04-18,41.5,41.88,41.35,41.61,16583342.0,690690000.0,14.24,14.6,14.04,14.52,21057210.0,303579993.2,2.8657
2024-04-19,41.36,41.74,40.85,41.38,13741317.0,567560000.0,14.32,14.44,14.16,14.32,17427630.0,248698649.72,2.8897
2024-04-22,41.31,41.62,40.86,41.31,10990546.0,453950000.0,14.48,14.62,14.16,14.24,25059904.0,360173385.9,2.901
2024-04-23,41.32,41.68,41.02,41.11,10994145.0,454750000.0,14.38,14.42,14.16,14.34,16214396.0,231329473.26,2.8668
2024-04-24,41.25,41.39,40.8,41.25,15193878.0,624330000.0,14.4,14.94,14.26,14.86,40644713.0,598946961.36,2.7759
2024-04-25,41.25,41.86,40.92,41.34,14384439.0,595560000.0,14.8,15.36,14.76,15.1,34346454.0,519438927.0,2.7377
2024-04-26,41.1,42.12,41.1,42.06,22051022.0,922200000.0,15.16,15.76,15.14,15.54,38683554.0,599400922.14,2.7066
2024-04-29,42.13,43.36,42.13,43.05,23769702.0,1020180000.0,15.7,16.12,15.6,15.72,41060481.0,652960936.06,2.7385
2024-04-30,43.0,43.0,41.76,41.91,23396549.0,988030000.0,15.8,15.9,15.38,15.52,26005937.0,404125255.76,2.7004
2024-05-02,,,,,,,15.6,15.84,15.28,15.84,10312176.0,161742990.52,
2024-05-03,,,,,,,16.2,16.3,15.8,16.0,15972247.0,255853858.38,
2024-05-06,42.49,43.03,42.33,42.56,22042862.0,941280000.0,16.02,16.14,15.76,16.0,24895157.0,396128476.64,2.66
2024-05-07,42.55,42.73,42.2,42.71,12938305.0,550570000.0,16.0,16.0,15.62,15.74,21148355.0,333892876.72,2.7135
2024-05-08,42.81,42.82,42.08,42.16,11155861.0,472670000.0,15.72,15.82,15.28,15.3,25365324.0,392243249.52,2.7556
2024-05-09,42.18,43.89,42.16,43.72,31216637.0,1351310000.0,15.36,16.18,15.36,16.02,43172155.0,689536867.94,2.7291
2024-05-10,43.7,43.98,42.74,42.99,25778763.0,1112390000.0,16.44,16.44,15.96,16.26,66962354.0,1088908989.86,2.6439
2024-05-13,42.7,43.5,42.38,43.06,15525314.0,667420000.0,16.18,16.46,15.8,16.4,31809013.0,514301561.0,2.6256
2024-05-14,43.06,43.45,42.71,42.92,13542828.0,581800000.0,16.4,16.78,16.3,16.3,30040591.0,495616797.44,2.6331
2024-05-15,42.74,42.87,41.62,41.66,21111866.0,889590000.0,,,,,,,
2024-05-16,42.0,42.5,41.8,41.82,14903076.0,627390000.0,16.26,16.82,16.06,16.62,48473770.0,802954478.2,2.5162
2024-05-17,41.83,42.32,41.56,42.3,12636935.0,531100000.0,16.7,16.94,16.5,16.84,39480856.0,660434749.16,2.5119
2024-05-20,42.4,42.88,42.2,42.57,14807069.0,631060000.0,16.86,16.98,16.64,16.7,31704573.0,532958158.1,2.5491
2024-05-21,42.62,42.63,42.03,42.11,9781398.0,413390000.0,16.72,16.82,15.98,16.04,35558766.0,577854562.92,2.6253
2024-05-22,42.15,42.45,41.84,42.27,14302921.0,601960000.0,16.1,16.36,15.98,16.08,31802217.0,513123594.94,2.6287
2024-05-23,42.18,42.2,41.08,41.17,17371515.0,722290000.0,16.08,16.12,15.58,15.6,28373434.0,446457691.1,2.6391
2024-05-24,41.13,41.35,41.0,41.03,10136551.0,417550000.0,15.52,15.8,15.3,15.34,19819685.0,306988216.4,2.6747
2024-05-27,41.36,43.17,41.36,43.13,37492996.0,1593200000.0,15.58,16.58,15.58,16.48,72866504.0,1178632501.92,2.6171
2024-05-28,43.13,43.99,42.9,43.11,34963297.0,1516560000.0,16.86,16.98,16.2,16.28,64965737.0,1076774329.92,2.648
2024-05-29,42.87,43.4,42.59,42.94,16815329.0,722550000.0,16.3,16.5,16.0,16.06,30099930.0,486256102.4,2.6737
2024-05-30,43.03,45.96,42.8,45.39,68885004.0,3094280000.0,16.06,16.96,16.06,16.84,88292014.0,1477082435.06,2.6954
2024-05-31,45.1,45.49,44.69,44.85,31463049.0,1414730000.0,16.92,16.94,16.44,16.54,36455070.0,609677515.4,2.7116
2024-06-03,44.96,46.36,44.8,45.44,39368171.0,1796430000.0,16.6,17.38,16.6,16.7,63742946.0,1086383254.66,2.721
2024-06-04,45.3,45.75,44.72,45.55,24050959.0,1087300000.0,16.72,16.88,16.42,16.76,29532378.0,492637932.76,2.7178
2024-06-05,45.42,47.14,45.3,46.12,39589673.0,1841220000.0,16.72,17.38,16.72,17.1,57540188.0,988975419.9,2.6971
2024-06-06,47.23,47.74,46.51,46.8,53052261.0,2503750000.0,17.5,18.42,17.46,18.06,132290532.0,2379682755.44,2.5914
2024-06-07,46.79,47.74,46.42,47.21,36199409.0,1706420000.0,18.28,18.62,17.86,18.38,76192938.0,1391147208.86,2.5686
2024-06-11,47.09,49.0,47.05,48.94,54317233.0,2638630000.0,18.3,18.9,18.16,18.64,69328611.0,1293012411.9,2.6255
2024-06-12,48.7,48.7,47.59,47.9,41557627.0,1995880000.0,18.7,18.74,17.52,17.86,74860131.0,1347313907.86,2.682
2024-06-13,48.18,48.85,47.11,47.2,45142745.0,2167830000.0,18.14,18.52,18.0,18.1,51003464.0,932679549.02,2.6077
2024-06-14,46.9,47.09,46.08,46.49,43088938.0,2003900000.0,18.1,18.1,17.62,17.62,33403625.0,595801332.96,2.6385
2024-06-17,46.4,47.99,46.3,47.77,37198388.0,1763210000.0,17.68,18.34,17.56,18.08,41943090.0,757789363.34,2.6421
2024-06-18,47.88,48.8,47.76,48.13,34662024.0,1672920000.0,18.28,18.88,18.18,18.66,55773011.0,1039570166.16,2.5793
2024-06-19,48.1,48.29,46.88,47.53,31258236.0,1486600000.0,18.9,18.98,18.38,18.86,51967741.0,973950247.64,2.5201
2024-06-20,47.45,49.91,47.37,48.8,59165570.0,2896890000.0,18.9,19.88,18.82,19.14,91017981.0,1765887430.9,2.5496
2024-06-21,48.34,48.78,47.47,48.75,30660483.0,1476110000.0,18.94,18.96,18.44,18.62,48898032.0,914788962.96,2.6182
2024-06-24,48.6,49.76,47.18,47.26,41017758.0,1980530000.0,18.66,19.08,17.7,17.98,68237085.0,1242879664.66,2.6285
2024-06-25,47.04,47.39,45.26,45.54,43129536.0,1991140000.0,17.96,18.04,17.02,17.2,66638456.0,1159070609.28,2.6477
2024-06-26,45.95,46.78,45.42,46.47,25482540.0,1173590000.0,17.44,17.88,17.24,17.7,40567463.0,712900704.34,2.6254
2024-06-27,46.17,46.45,45.58,45.71,18744335.0,861870000.0,17.46,17.6,16.9,16.94,42928080.0,737029355.6,2.6983
2024-06-28,45.52,46.42,45.51,46.1,21801968.0,1004720000.0,16.82,17.38,16.82,17.12,25247725.0,433939486.0,2.6928
2024-07-01,46.18,46.42,44.93,45.81,21802059.0,993310000.0,,,,,,,
2024-07-02,45.7,46.05,45.31,45.46,19222955.0,878100000.0,17.08,17.48,16.92,17.06,25799018.0,444178158.62,2.6647
2024-07-03,45.55,46.74,45.01,46.26,27884944.0,1284330000.0,17.14,17.78,17.1,17.54,28782125.0,503757920.5,2.6374
2024-07-04,46.1,46.87,46.03,46.16,21478638.0,997200000.0,17.7,17.86,17.38,17.48,21260402.0,373705782.44,2.6407
2024-07-05,46.02,46.67,45.21,46.64,22988422.0,1057960000.0,17.48,17.72,17.16,17.32,24403255.0,425181981.44,2.6928
2024-07-08,46.55,47.3,46.35,46.7,23854412.0,1116720000.0,17.32,17.7,17.24,17.44,19160490.0,334504324.04,2.6778
2024-07-09,46.55,48.56,46.55,48.16,36070397.0,1723200000.0,17.5,18.3,17.36,18.04,57323101.0,1026328925.5,2.6696
2024-07-10,47.88,48.3,47.7,47.99,19577257.0,938670000.0,18.04,18.48,17.76,17.76,27506867.0,497346483.34,2.7021
2024-07-11,48.47,49.22,48.11,48.27,29990758.0,1457020000.0,18.12,18.34,18.0,18.18,32817191.0,596717441.2,2.6551
2024-07-12,47.9,48.83,47.42,48.64,22072814.0,1062200000.0,18.1,18.2,17.82,18.1,34897802.0,628368601.48,2.6873
2024-07-15,48.68,49.36,48.65,48.94,20087697.0,984330000.0,18.18,18.44,18.02,18.16,24149463.0,440154234.3,2.6949
2024-07-16,48.7,49.28,47.93,49.2,30553937.0,1486490000.0,17.94,18.38,17.76,18.1,30837547.0,558938446.52,2.7182
2024-07-17,49.08,49.1,48.36,48.36,23186559.0,1130430000.0,18.2,18.34,17.1,17.16,51349003.0,904411516.44,2.8182
2024-07-18,47.33,49.1,47.06,48.75,29143685.0,1403930000.0,17.02,17.8,16.98,17.3,38102204.0,662731198.56,2.8179
2024-07-19,48.5,51.35,48.34,51.2,60862371.0,3061370000.0,17.3,17.96,17.16,17.62,52141790.0,923431857.66,2.9058
2024-07-22,50.9,51.45,50.65,50.98,30557978.0,1557930000.0,17.72,18.06,17.64,18.02,30012059.0,537305887.34,2.8291
2024-07-23,51.0,51.35,49.18,49.28,33454365.0,1681680000.0,18.04,18.1,17.26,17.44,32257942.0,565814699.8,2.8257
2024-07-24,49.34,49.89,48.7,48.85,24558222.0,1210340000.0,17.44,17.66,17.0,17.14,25391116.0,436753101.02,2.8501
2024-07-25,48.6,49.53,48.11,48.7,20679953.0,1009490000.0,16.94,17.08,16.52,16.66,40431008.0,675184039.28,2.9232
2024-07-26,48.68,49.76,48.6,49.75,18069479.0,888740000.0,16.58,16.88,16.52,16.8,20699401.0,346341494.62,2.9613
2024-07-29,49.59,49.98,46.53,46.7,36994124.0,1775580000.0,16.82,16.96,16.1,16.38,35163204.0,578261579.24,2.851
2024-07-30,46.68,47.88,46.6,47.6,22118392.0,1046830000.0,16.34,16.58,16.16,16.32,16075622.0,262585468.0,2.9167
2024-07-31,47.51,49.2,47.5,49.1,20714313.0,1006960000.0,16.4,17.06,16.24,17.0,32105744.0,539376923.66,2.8882
2024-08-01,48.99,49.79,48.9,49.11,16189340.0,798450000.0,17.2,17.46,16.96,17.06,28259498.0,486148548.84,2.8787
2024-08-02,48.61,49.22,48.1,48.42,19364443.0,938770000.0,16.8,17.02,16.54,16.7,21970147.0,367058058.7,2.8994
2024-08-05,47.95,48.48,47.0,47.29,23308540.0,1111380000.0,16.5,16.76,15.68,15.82,50970794.0,816390079.18,2.9893
2024-08-06,47.7,47.96,46.3,47.27,17710337.0,832930000.0,16.2,16.28,15.62,15.76,30569485.0,485753675.32,2.9994
2024-08-07,47.4,47.56,47.1,47.22,8737759.0,413820000.0,15.94,16.04,15.68,15.8,23070680.0,365849025.16,2.9886
2024-08-08,47.01,47.9,46.76,47.48,12573162.0,595640000.0,15.78,16.18,15.54,15.8,16997293.0,269643978.68,3.0051
2024-08-09,49.5,49.81,48.47,48.49,27180510.0,1334190000.0,16.96,17.3,16.58,16.58,74868626.0,1265088004.92,2.9246
2024-08-12,48.35,48.98,48.0,48.78,14457335.0,702850000.0,16.62,16.88,16.42,16.54,20052075.0,333566391.66,2.9492
2024-08-13,48.8,49.2,48.74,49.2,14211885.0,696440000.0,16.6,16.88,16.6,16.8,20273473.0,339862309.94,2.9286
2024-08-14,49.3,49.46,48.8,48.95,13024239.0,640090000.0,16.98,17.16,16.72,16.86,18429054.0,311895222.48,2.9033
2024-08-15,48.61,49.75,48.56,49.68,18511967.0,914560000.0,16.86,17.24,16.7,16.86,26376444.0,449422554.32,2.9466
2024-08-16,49.63,49.73,49.07,49.46,11840255.0,584950000.0,17.06,17.14,16.9,16.96,16495446.0,280225163.56,2.9163
2024-08-19,49.49,49.98,49.14,49.46,10659070.0,529010000.0,16.96,17.24,16.92,17.0,15189171.0,259928218.0,2.9094
2024-08-20,49.46,49.59,48.47,48.75,14270864.0,697840000.0,17.1,17.16,16.8,16.9,15134609.0,256294942.26,2.8846
2024-08-21,48.75,48.98,47.76,47.78,14246889.0,687630000.0,16.72,16.94,16.52,16.62,14123364.0,235815008.2,2.8748
2024-08-22,47.6,47.85,46.03,46.54,23463783.0,1094770000.0,16.74,16.74,16.0,16.46,29158250.0,474920532.86,2.8275
2024-08-23,46.5,47.2,46.12,47.13,13026643.0,609960000.0,16.3,16.42,16.1,16.34,13304930.0,216486732.64,2.8843
2024-08-26,47.12,47.45,46.88,47.35,8983580.0,424190000.0,16.42,16.66,16.4,16.48,10378381.0,171641811.1,2.8732
2024-08-27,47.3,47.35,46.54,46.72,11060111.0,517690000.0,16.46,16.48,16.26,16.4,13842360.0,226239462.28,2.8488
2024-08-28,46.8,47.66,46.69,47.36,9252275.0,437530000.0,16.5,16.5,16.2,16.4,16600400.0,271345032.0,2.8878
2024-08-29,47.15,47.62,46.99,47.26,10616556.0,502870000.0,16.34,16.6,16.12,16.58,17470728.0,286683434.72,2.8504
2024-08-30,46.85,48.48,46.71,48.24,21516765.0,1029590000.0,16.58,17.28,16.36,17.08,48459275.0,825899765.26,2.8244
2024-09-02,48.04,48.2,46.71,46.78,15262960.0,722830000.0,17.04,17.04,16.3,16.4,26913630.0,444746057.2,2.8524
2024-09-03,46.67,47.18,45.65,46.26,17009497.0,787440000.0,16.3,16.64,16.18,16.38,22332048.0,365024967.62,2.8242
2024-09-04,45.79,46.26,45.51,45.53,12154206.0,556300000.0,16.1,16.16,15.88,16.12,26985164.0,432115996.7,2.8244
2024-09-05,45.6,46.1,45.52,45.97,9670392.0,443120000.0,16.1,16.22,15.96,16.04,12714887.0,204364071.22,2.866
2024-09-06,46.02,46.08,45.08,45.08,10370876.0,471330000.0,,,,,,,
2024-09-09,44.81,45.45,44.63,44.87,9151976.0,411950000.0,15.82,15.96,15.54,15.96,32494467.0,510358975.32,2.8114
2024-09-10,44.88,45.09,43.95,44.84,12435144.0,552840000.0,15.96,16.0,15.48,15.6,22814130.0,356285269.64,2.8744
2024-09-11,44.5,44.7,42.9,43.33,21176827.0,922750000.0,15.48,15.56,15.24,15.38,22234789.0,341222609.52,2.8173
2024-09-12,43.3,43.89,42.95,42.98,13516519.0,585770000.0,15.5,15.66,15.38,15.5,12933058.0,200544337.12,2.7729
2024-09-13,43.2,43.26,42.4,42.4,14155491.0,606450000.0,15.52,15.78,15.48,15.6,12840170.0,200502892.2,2.7179
2024-09-16,,,,,,,15.5,15.66,15.26,15.6,3254894.0,50534590.54,
2024-09-17,,,,,,,15.6,15.96,15.46,15.82,6387783.0,101264536.72,
2024-09-18,42.68,43.47,42.5,43.17,15417352.0,663450000.0,,,,,,,
2024-09-19,43.28,44.14,43.0,43.74,14436532.0,629630000.0,15.9,16.36,15.7,16.06,35607958.0,573174638.46,2.7235
2024-09-20,43.72,43.99,43.28,43.86,10373382.0,453250000.0,16.1,16.36,16.06,16.2,24061814.0,390453457.18,2.7074
2024-09-23,43.98,44.05,43.37,43.43,9443665.0,411930000.0,16.34,16.52,16.24,16.26,26878992.0,439134968.16,2.671
2024-09-24,43.73,44.79,43.37,44.77,21415927.0,947440000.0,16.52,17.08,16.3,17.0,59806957.0,1002835193.14,2.6335
2024-09-25,45.05,46.0,44.82,44.9,24758346.0,1125900000.0,17.4,17.74,17.0,17.12,60448552.0,1049821742.9,2.6227
2024-09-26,45.0,46.49,44.77,46.36,26017272.0,1188610000.0,17.2,17.88,17.0,17.78,58159005.0,1021656626.98,2.6074
2024-09-27,47.0,50.0,47.0,49.99,29887423.0,1447360000.0,17.94,18.84,17.94,18.56,117165829.0,2158186052.36,2.6934
2024-09-30,53.0,59.99,53.0,59.99,109263571.0,6255250000.0,19.18,21.4,19.18,20.85,233806772.0,4764296116.51,2.8772
2024-10-02,,,,,,,21.5,22.6,21.5,22.2,96650506.0,2137988665.05,
2024-10-03,,,,,,,22.6,22.8,20.25,21.15,70717742.0,1504703566.45,
2024-10-04,,,,,,,20.95,27.55,20.7,27.35,271459704.0,6834183676.95,
2024-10-07,,,,,,,29.8,35.0,29.5,33.3,358023153.0,11522947265.05,
2024-10-08,71.99,71.99,70.0,71.99,97665202.0,7016240000.0,35.5,35.5,26.55,27.2,672380387.0,20129342065.25,2.6467
2024-10-09,72.19,86.39,70.5,83.89,347531503.0,28255010000.0,28.45,30.8,25.55,27.2,697360313.0,19616858148.1,3.0842
2024-10-10,85.1,86.35,70.01,75.02,210401638.0,16322870000.0,28.15,28.75,25.5,25.5,349095004.0,9358017731.5,2.942
2024-10-11,71.03,73.7,68.8,69.48,136273205.0,9649230000.0,,,,,,,
2024-10-14,69.48,76.5,67.77,75.6,136415689.0,9835550000.0,25.1,27.3,24.2,26.65,352563752.0,9109581669.25,2.8368
2024-10-15,74.99,81.53,73.48,74.18,140402142.0,10800700000.0,26.65,28.45,25.85,26.15,286263981.0,7798641492.0,2.8367
2024-10-16,71.14,76.76,70.88,74.09,85429352.0,6339480000.0,25.05,26.8,25.0,25.8,159573065.0,4155966358.8,2.8717
2024-10-17,77.0,77.64,74.02,75.12,88209878.0,6646210000.0,26.6,27.3,25.85,26.0,139230558.0,3692905357.2,2.8892
2024-10-18,75.8,90.14,74.44,90.14,209387553.0,17572910000.0,26.45,30.5,26.25,30.25,598313236.0,17336118267.4,2.9798
2024-10-21,94.0,107.76,91.9,97.48,279429314.0,27425440000.0,31.5,33.2,29.6,29.6,664517702.0,20779376307.95,3.2932
2024-10-22,94.99,99.04,92.89,96.04,185913485.0,17850570000.0,30.0,30.15,28.55,29.7,242876343.0,7158601454.55,3.2337
2024-10-23,93.04,95.5,91.54,92.31,138395627.0,12913290000.0,29.5,30.85,28.8,29.15,206161473.0,6116654732.55,3.1667
2024-10-24,91.45,96.47,91.17,94.56,112506040.0,10553040000.0,28.95,29.75,28.4,28.5,142720009.0,4137049729.55,3.3179
2024-10-25,94.56,98.66,92.52,93.7,110646384.0,10481220000.0,28.65,29.95,28.5,28.8,135138656.0,3949558054.25,3.2535
2024-10-28,93.0,93.98,92.0,93.1,72566797.0,6738400000.0,29.0,29.15,28.55,28.8,73808738.0,2125568225.8,3.2326
2024-10-29,92.78,96.55,92.29,92.3,113267083.0,10670220000.0,29.1,29.9,28.65,28.7,118144270.0,3444383453.3,3.216
2024-10-30,91.79,92.78,84.85,85.82,160870949.0,14096960000.0,28.75,29.1,26.1,26.6,208017326.0,5642747667.95,3.2263
2024-10-31,85.48,88.94,83.7,86.93,116611336.0,10121960000.0,26.6,27.4,26.3,27.05,96979149.0,2612983554.2,3.2137
2024-11-01,85.19,88.25,84.81,84.81,88351026.0,7623520000.0,27.1,27.3,25.5,25.75,155040470.0,4053392385.35,3.2936
2024-11-04,84.63,87.19,84.18,86.81,57658272.0,4954520000.0,25.8,26.15,25.65,25.85,82631120.0,2137684507.7,3.3582
2024-11-05,87.48,96.0,87.01,95.8,145383344.0,13510950000.0,25.9,27.95,25.9,27.5,226572844.0,6170352650.35,3.4836
2024-11-06,97.0,99.97,93.33,96.04,141798577.0,13644670000.0,27.4,28.4,26.55,26.9,196763392.0,5377682998.2,3.5703
2024-11-07,94.2,105.0,94.01,101.89,126253030.0,12339470000.0,27.1,28.5,26.8,28.25,174937242.0,4837654978.2,3.6067
2024-11-08,107.3,109.5,100.0,100.3,160957144.0,16884510000.0,29.8,30.3,28.55,28.55,297530223.0,8726310907.1,3.5131
2024-11-11,104.6,108.3,100.62,104.98,138069018.0,14543770000.0,29.95,30.45,29.05,29.5,254811034.0,7607913770.75,3.5586
2024-11-12,102.6,104.87,100.0,101.11,108866759.0,11121890000.0,29.85,29.9,26.95,27.15,202948900.0,5755289865.8,3.7241
2024-11-13,99.9,100.9,97.88,99.14,80759477.0,7999840000.0,26.85,27.7,26.75,27.15,84596299.0,2307981575.45,3.6516
2024-11-14,99.13,102.0,96.61,96.87,76194102.0,7549650000.0,26.9,28.15,26.3,26.55,114595504.0,3116354006.85,3.6486
2024-11-15,96.87,98.7,94.9,94.91,71066743.0,6874220000.0,26.55,27.15,26.2,26.4,76069013.0,2030633266.7,3.5951
2024-11-18,95.7,97.5,91.37,92.3,82897403.0,7818660000.0,26.8,27.05,26.25,26.45,66851807.0,1783408074.7,3.4896
2024-11-19,92.1,95.39,90.22,94.9,83159684.0,7685230000.0,26.8,27.45,26.45,27.1,62057398.0,1673476634.4,3.5018
2024-11-20,94.0,94.57,92.6,93.28,58507495.0,5461030000.0,27.1,27.25,26.7,26.9,42211489.0,1137274571.75,3.4677
2024-11-21,93.0,94.9,92.5,93.5,56197106.0,5261660000.0,27.0,27.4,26.8,26.85,37272741.0,1009204657.2,3.4823
2024-11-22,94.7,95.5,88.55,88.77,79240108.0,7262620000.0,27.25,27.4,24.75,25.05,137833863.0,3555708329.3,3.5437
2024-11-25,88.76,88.77,84.52,86.16,76905909.0,6619040000.0,25.25,25.45,24.15,25.1,71050743.0,1756675473.35,3.4327
2024-11-26,85.97,86.66,85.03,85.1,35363542.0,3031750000.0,25.05,25.45,24.4,24.65,46045154.0,1144270100.15,3.4523
2024-11-27,84.65,89.04,83.13,88.0,77430532.0,6702110000.0,24.65,25.8,24.15,25.7,69405200.0,1734549979.3,3.4241
2024-11-28,88.2,90.3,86.83,87.08,61110137.0,5379090000.0,25.8,26.0,25.05,25.15,40377037.0,1026374411.25,3.4624
2024-11-29,86.83,93.45,85.64,90.1,87940358.0,7877290000.0,25.5,27.0,25.2,26.0,80739041.0,2108772216.5,3.4654
2024-12-02,89.9,90.69,88.01,89.49,64010784.0,5727500000.0,26.25,26.7,25.85,26.4,47417111.0,1245387023.7,3.3898
2024-12-03,89.67,90.35,86.03,87.23,58676009.0,5144150000.0,26.6,26.6,25.6,26.0,47908245.0,1240830440.55,3.355
2024-12-04,90.53,91.0,87.25,87.67,68106713.0,6069390000.0,27.0,27.1,26.25,26.3,69412796.0,1852408404.25,3.3335
2024-12-05,86.2,88.26,86.14,87.0,39595741.0,3445580000.0,26.25,26.65,26.05,26.1,23776703.0,623677724.25,3.3333
2024-12-06,86.5,89.69,86.3,88.93,54044117.0,4776130000.0,26.15,26.95,25.85,26.45,65922641.0,1754080081.35,3.3622
2024-12-09,88.06,88.75,85.99,86.78,42411257.0,3699240000.0,26.6,27.6,25.9,27.55,68835940.0,1834073926.2,3.1499
2024-12-10,91.49,91.99,87.79,88.0,69668121.0,6260000000.0,28.4,28.65,26.9,27.0,114096700.0,3176341347.1,3.2593
2024-12-11,87.11,88.33,86.5,86.82,40065377.0,3497870000.0,27.2,27.4,26.75,26.8,34424994.0,932136047.7,3.2396
2024-12-12,87.16,88.2,85.69,87.17,44489757.0,3859300000.0,26.75,27.55,26.6,27.1,43149783.0,1168094582.9,3.2166
2024-12-13,86.81,86.81,82.85,82.99,82003231.0,6922580000.0,26.8,26.95,25.8,25.9,64690781.0,1689798513.0,3.2042
2024-12-16,82.3,83.2,81.21,81.5,47629570.0,3899340000.0,25.65,26.0,25.2,25.35,34964387.0,892401094.55,3.215
2024-12-17,81.35,83.1,81.31,82.19,40662192.0,3337270000.0,25.2,26.1,24.85,25.25,40197825.0,1017256731.15,3.255
2024-12-18,82.82,83.95,82.09,83.4,48400022.0,4019780000.0,25.3,26.1,25.3,25.95,33513360.0,864744113.3,3.2139
2024-12-19,82.3,86.53,81.88,85.44,67399207.0,5699200000.0,25.4,26.6,25.3,26.15,43485271.0,1136056011.4,3.2673
2024-12-20,85.07,98.8,85.07,94.28,176770271.0,16308580000.0,26.85,29.8,26.35,28.3,336228865.0,9483850494.15,3.3314
2024-12-23,93.69,99.2,93.6,95.18,145675567.0,14051250000.0,28.8,29.8,28.55,29.1,193685027.0,5661632927.05,3.2708
2024-12-24,95.99,97.34,92.99,96.86,91204508.0,8713500000.0,29.3,29.75,28.9,29.15,50674495.0,1484161815.75,3.3228
2024-12-25,96.48,99.8,96.38,97.99,98532907.0,9679610000.0,,,,,,,
2024-12-26,98.0,98.88,96.15,96.73,71104586.0,6914610000.0,,,,,,,
2024-12-27,96.78,102.37,96.49,97.51,114471630.0,11378940000.0,29.8,31.9,29.6,30.65,263974915.0,8153887346.4,3.1814
2024-12-30,96.6,100.53,96.0,99.29,90657304.0,8950490000.0,31.0,33.0,30.85,32.6,219254165.0,7097853054.95,3.0457
2024-12-31,99.0,99.58,94.59,94.62,87823797.0,8446750000.0,32.85,32.9,31.2,31.8,83905681.0,2673752153.05,2.9755
2025-01-02,93.81,95.09,88.5,89.96,84971056.0,7762890000.0,31.55,31.95,28.9,29.0,173107145.0,5204442426.4,3.1021
2025-01-03,90.1,91.13,87.53,88.31,61288981.0,5452110000.0,29.1,30.4,28.35,29.55,106546230.0,3143334833.5,2.9885
2025-01-06,88.84,89.6,85.72,86.94,43831308.0,3822060000.0,30.0,30.6,29.45,29.65,66043419.0,1980487940.5,2.9322
2025-01-07,87.1,90.75,86.0,90.6,67214796.0,5939310000.0,29.65,31.2,29.3,31.15,125853307.0,3830358696.6,2.9085
2025-01-08,88.88,91.28,85.99,88.82,68790730.0,6092440000.0,30.7,31.15,29.55,30.55,85030643.0,2579457829.6,2.9074
2025-01-09,88.4,93.33,88.1,91.32,72416451.0,6635270000.0,30.85,32.5,30.35,31.45,108891427.0,3470556488.05,2.9037
2025-01-10,90.85,96.68,90.85,93.18,89988928.0,8521650000.0,31.8,33.75,31.65,32.35,175952424.0,5813437107.6,2.8804
2025-01-13,91.0,95.86,89.88,95.02,68025640.0,6365470000.0,32.3,34.35,32.15,34.35,156711423.0,5277856293.25,2.7662
2025-01-14,96.95,99.58,94.45,98.77,92888106.0,9014170000.0,34.85,35.8,33.55,35.1,204728482.0,7130318061.7,2.814
2025-01-15,97.5,102.29,97.3,99.55,77659234.0,7724460000.0,34.85,37.55,34.5,37.2,190514193.0,6960876321.15,2.6761
2025-01-16,102.18,104.46,96.6,96.6,103477465.0,10410150000.0,38.0,39.8,35.55,36.0,296551647.0,11167822356.2,2.6833
2025-01-17,96.51,104.77,96.51,102.7,109403228.0,11038760000.0,36.5,39.95,36.2,39.45,241241672.0,9292020952.3,2.6033
2025-01-20,102.98,103.0,100.3,101.05,59667259.0,6056080000.0,39.55,40.0,37.95,39.4,154122364.0,6035919281.6,2.5647
2025-01-21,101.5,104.35,101.1,101.84,74435300.0,7645380000.0,39.75,42.5,39.55,41.9,185903215.0,7690244164.1,2.4305
2025-01-22,101.3,103.22,99.5,100.24,61641241.0,6226700000.0,42.65,43.8,41.3,42.1,179830343.0,7658179752.1,2.381
2025-01-23,102.8,103.87,96.7,96.84,86850578.0,8670500000.0,43.0,44.0,38.85,39.05,251837810.0,10267109818.65,2.4799
2025-01-24,97.16,98.62,96.77,97.85,47198275.0,4612030000.0,40.0,41.3,39.3,41.3,137937824.0,5590800251.4,2.3692
2025-01-27,98.38,98.39,93.9,93.94,52844572.0,5033310000.0,41.95,42.0,37.15,38.15,211536889.0,8302583550.55,2.4624
2025-01-28,,,,,,,37.2,38.2,36.0,38.0,37487384.0,1395624845.3,
2025-02-03,,,,,,,38.6,42.15,38.3,41.9,93209981.0,3786367745.9,
2025-02-04,,,,,,,42.2,45.7,41.9,45.45,100317165.0,4477035286.03,
2025-02-05,100.16,102.84,99.44,101.37,97756780.0,9875680000.0,44.0,45.4,43.3,44.7,125099595.0,5566734882.2,2.2678
2025-02-06,100.11,106.43,99.66,104.43,89396981.0,9242630000.0,44.75,47.9,44.7,47.9,134417800.0,6292006295.65,2.1802
2025-02-07,104.42,105.27,100.08,102.53,93254065.0,9611210000.0,48.0,49.15,45.2,46.65,193800732.0,9131981353.9,2.1979
2025-02-10,102.8,104.52,101.01,103.85,66856305.0,6877250000.0,47.35,48.8,45.9,47.8,145636762.0,6900545563.9,2.1726
2025-02-11,103.6,103.7,100.36,100.86,54448990.0,5526960000.0,48.3,48.6,45.3,45.3,122718610.0,5738885725.3,2.2265
2025-02-12,101.5,104.44,99.41,104.32,97586005.0,9960160000.0,46.75,48.2,45.7,47.95,195460642.0,9233098115.0,2.1756
2025-02-13,104.77,104.96,100.89,101.11,69064629.0,7105290000.0,49.0,49.6,46.0,46.0,179286764.0,8558197811.3,2.198
2025-02-14,99.96,100.87,98.16,99.08,56713536.0,5617460000.0,46.45,46.85,44.0,45.55,235883295.0,10585487877.3,2.1752
2025-02-17,99.3,102.45,99.3,101.0,58094181.0,5858540000.0,46.0,48.15,44.5,47.5,226180855.0,10613970830.1,2.1263
2025-02-18,101.01,101.27,98.17,98.28,50546212.0,5026980000.0,48.35,48.6,46.75,47.8,129729810.0,6190924327.65,2.0561
2025-02-19,97.95,102.58,97.91,101.94,70074653.0,7091960000.0,47.5,51.9,47.35,51.8,206635787.0,10444642798.7,1.968
2025-02-20,101.0,101.4,98.88,99.21,56493994.0,5622530000.0,51.8,51.85,49.25,50.25,106368879.0,5362079111.7,1.9743
2025-02-21,99.6,105.92,99.6,103.98,123386761.0,12714950000.0,51.75,54.2,50.65,54.2,181253661.0,9636320754.4,1.9185
2025-02-24,103.0,106.86,102.0,103.4,74722539.0,7780810000.0,55.3,57.6,53.5,55.0,188484872.0,10415312325.15,1.88
2025-02-25,100.88,103.94,100.11,101.28,71172236.0,7229310000.0,52.4,57.5,51.3,54.2,186664778.0,10254989352.0,1.8686
2025-02-26,102.86,105.5,100.06,104.0,88991060.0,9162000000.0,56.0,59.3,54.9,57.4,185009751.0,10628601913.4,1.8118
2025-02-27,103.13,105.21,100.44,102.44,69790787.0,7142720000.0,57.2,59.7,55.3,57.8,198368222.0,11442195787.9,1.7723
2025-02-28,101.0,101.59,97.67,97.79,67840823.0,6732920000.0,57.5,58.35,52.1,53.6,229515063.0,12489372736.75,1.8244
2025-03-03,96.99,98.1,95.18,96.0,49878742.0,4816530000.0,53.8,54.1,49.8,51.4,197164614.0,10197138095.75,1.8677
2025-03-04,95.0,99.07,94.61,97.28,44469412.0,4308120000.0,49.7,53.3,47.7,51.55,206078949.0,10431785475.75,1.8871
2025-03-05,97.3,98.2,96.16,97.57,35097289.0,3414280000.0,52.65,55.0,52.35,54.95,135438040.0,7280074763.45,1.7756
2025-03-06,98.85,100.3,98.37,98.66,56756728.0,5642820000.0,56.0,58.15,55.2,56.3,151344726.0,8609602539.05,1.7524
2025-03-07,97.6,98.55,96.52,96.88,39398650.0,3840950000.0,55.1,57.35,52.8,54.6,163710567.0,8966882691.804003,1.7744
2025-03-10,96.39,97.29,95.01,95.66,38451869.0,3684030000.0,54.0,54.6,50.9,52.05,147532883.0,7695957538.55,1.8378
2025-03-11,94.0,96.32,93.8,96.12,30626303.0,2922190000.0,50.7,53.7,50.3,53.3,120963248.0,6342233888.95,1.8034
2025-03-12,96.5,97.05,95.71,95.9,28639010.0,2756820000.0,53.7,54.35,51.4,52.45,87569142.0,4647023550.8,1.8284
2025-03-13,95.39,96.08,92.1,92.98,44201076.0,4139200000.0,52.8,53.3,48.4,49.85,158845451.0,7973194900.07,1.8652
2025-03-14,92.98,95.61,92.5,94.81,40137622.0,3790990000.0,50.3,51.05,47.55,50.5,146244414.0,7274228704.6,1.8774
2025-03-17,94.89,94.91,93.16,93.37,31205181.0,2922590000.0,50.0,50.45,48.65,49.55,114183856.0,5626346267.28,1.8844
2025-03-18,93.99,95.8,93.9,94.1,29866634.0,2825270000.0,50.5,52.0,50.35,51.7,116351406.0,5962070457.8,1.8201
2025-03-19,93.9,94.57,93.5,93.75,23319047.0,2190220000.0,51.5,52.45,51.0,51.05,77482487.0,4006663955.35,1.8364
2025-03-20,93.8,94.29,93.0,93.27,27204001.0,2542080000.0,51.05,52.75,49.75,50.75,120123487.0,6149981845.6,1.8378
2025-03-21,92.98,92.98,90.9,91.2,36539914.0,3348040000.0,50.3,50.75,46.85,46.95,225712389.0,10825227941.08,1.9425
2025-03-24,91.5,91.68,89.81,91.45,29654478.0,2690470000.0,47.4,48.6,46.0,48.3,114696493.0,5412521681.26,1.8934
2025-03-25,91.45,91.45,89.25,89.87,28338161.0,2552620000.0,47.65,48.6,46.4,47.5,77309558.0,3663231263.25,1.892
2025-03-26,90.2,91.2,89.82,90.0,19490835.0,1763590000.0,47.95,48.7,47.75,48.3,59817904.0,2890728574.5,1.8634
2025-03-27,90.0,93.78,89.37,92.47,45729726.0,4202030000.0,49.05,52.55,48.1,50.35,166811145.0,8466135742.45,1.8365
2025-03-28,91.54,92.48,90.35,90.4,27440878.0,2503230000.0,49.2,51.5,47.8,48.0,126567806.0,6214907491.7,1.8833
2025-03-31,90.39,91.7,88.36,89.33,26820455.0,2401110000.0,47.55,48.45,45.4,46.1,143788173.0,6674456230.52,1.9377
2025-04-01,89.5,89.75,86.19,86.5,41191328.0,3614590000.0,46.5,46.7,43.75,44.3,164880407.0,7413023789.15,1.9526
2025-04-02,86.38,87.45,85.72,86.85,24056690.0,2082850000.0,44.25,46.0,43.55,44.7,107244525.0,4806668506.7,1.943
2025-04-03,85.97,89.2,85.9,88.09,30277366.0,2662730000.0,43.8,46.7,43.7,45.05,119634536.0,5434222058.4,1.9554
2025-04-07,84.5,86.88,77.8,84.0,85368449.0,7116310000.0,41.55,43.5,37.0,37.7,330275409.0,13159140264.5,2.2281
2025-04-08,84.0,85.88,83.0,85.0,53816947.0,4544060000.0,38.6,39.75,37.35,39.15,210685519.0,8165153049.2,2.1711
2025-04-09,84.03,91.58,83.17,90.18,74601350.0,6627100000.0,37.7,43.75,37.2,43.25,289890849.0,12138149827.4,2.0851
2025-04-10,92.02,92.18,89.82,90.95,52228661.0,4754700000.0,45.2,46.65,43.5,44.1,186553175.0,8397876919.0,2.0624
2025-04-11,90.86,95.48,90.2,92.9,71343411.0,6634660000.0,44.25,48.65,43.9,46.7,236035771.0,11021779013.2,1.9893
2025-04-14,93.5,93.54,91.69,92.0,37611854.0,3478280000.0,48.1,48.8,46.3,47.5,135992370.0,6462602320.6,1.9368
2025-04-15,91.8,91.8,89.68,90.39,27852312.0,2516500000.0,47.0,47.65,44.05,45.35,137196805.0,6231688696.7,1.9932
2025-04-16,91.0,92.0,89.87,92.0,27925129.0,2535950000.0,46.45,47.2,44.5,45.4,135327693.0,6188667546.45,2.0264
2025-04-17,91.3,92.38,91.0,91.8,22896965.0,2098560000.0,45.4,47.45,45.0,46.0,102140153.0,4755425031.5,1.9957
2025-04-18,91.49,91.88,90.53,91.35,13848004.0,1262210000.0,,,,,,,
2025-04-21,91.34,91.75,90.13,90.51,23221503.0,2101250000.0,,,,,,,
2025-04-22,90.5,90.88,89.75,90.01,21750489.0,1961130000.0,46.4,47.0,45.0,46.6,89385284.0,4118092690.55,1.9315
2025-04-23,90.15,90.72,89.85,90.07,21184822.0,1911430000.0,47.4,47.7,46.35,46.8,82707841.0,3883178525.95,1.9246
2025-04-24,90.15,90.2,88.5,89.1,20881488.0,1866610000.0,46.65,47.3,45.45,46.35,50343555.0,2326855139.95,1.9223
2025-04-25,89.1,89.55,88.03,88.42,23006791.0,2042210000.0,46.45,46.7,44.25,45.05,88845881.0,4022391191.4,1.9627
2025-04-28,88.42,89.09,88.0,88.23,14446652.0,1277420000.0,45.1,46.6,45.0,45.4,46038493.0,2110238651.1,1.9434
2025-04-29,88.02,88.52,87.8,88.0,13110870.0,1155670000.0,45.85,46.3,45.45,45.75,34407436.0,1577571100.65,1.9235
2025-04-30,88.23,89.41,88.01,89.05,20183053.0,1794820000.0,45.9,47.45,45.75,46.9,64802351.0,3033177082.5,1.8987
2025-05-02,,,,,,,47.45,47.8,46.1,47.5,31454340.0,1488320032.65,
2025-05-06,89.4,90.35,89.25,89.9,23858710.0,2145840000.0,47.7,48.1,46.55,46.95,61846555.0,2929424139.15,1.9148
2025-05-07,91.46,91.66,89.73,90.5,26342039.0,2380340000.0,47.9,48.3,46.15,46.2,65046061.0,3056858182.0,1.9589
2025-05-08,90.09,90.09,89.31,89.98,23245156.0,2084810000.0,46.2,46.4,44.35,45.15,96556366.0,4345506617.55,1.9929
2025-05-09,87.0,87.82,85.72,85.83,58300971.0,5026450000.0,42.5,43.0,40.4,43.0,201150977.0,8509084811.45,1.996
2025-05-12,85.9,86.32,84.16,86.32,36837284.0,3153570000.0,43.6,45.0,41.9,44.45,122450360.0,5317100102.2,1.942
2025-05-13,87.2,87.3,85.38,85.52,24125902.0,2076200000.0,44.65,44.8,42.55,42.65,84111916.0,3624961999.05,2.0052
2025-05-14,85.58,86.75,85.28,86.06,23189869.0,1993260000.0,43.0,43.4,41.95,42.7,76687368.0,3265360503.3,2.0155
2025-05-15,85.8,85.98,84.35,84.42,21551907.0,1831220000.0,42.95,42.95,41.0,41.25,83261607.0,3480622630.4,2.0465
2025-05-16,84.16,84.78,83.88,84.7,17039389.0,1440060000.0,41.0,42.15,41.0,41.7,44106600.0,1842191323.85,2.0312
2025-05-19,84.71,85.28,83.72,85.01,16412240.0,1388820000.0,41.8,43.0,41.1,42.45,65754250.0,2780261103.95,2.0026
2025-05-20,85.4,85.82,85.0,85.04,15483762.0,1321270000.0,42.9,43.5,42.6,43.0,50089500.0,2159679143.0,1.9777
2025-05-21,84.79,85.15,84.0,84.07,19840598.0,1675030000.0,43.0,43.6,42.35,42.65,44873390.0,1924039821.65,1.9712
2025-05-22,84.0,84.68,83.71,83.81,13347362.0,1122380000.0,42.4,43.1,41.55,41.8,48216649.0,2031323869.1,2.005
2025-05-23,83.8,84.24,82.89,82.9,18562039.0,1551040000.0,41.75,42.25,41.5,41.85,35888763.0,1502661243.35,1.9809
2025-05-26,83.42,84.68,83.41,84.02,22378126.0,1882450000.0,42.65,43.35,42.0,42.15,62792238.0,2682227145.3,1.9934
2025-05-27,84.0,84.23,82.95,83.0,14405567.0,1200050000.0,42.6,42.6,41.4,41.85,32704890.0,1368243028.5,1.9833
2025-05-28,83.14,83.24,82.0,82.01,15766722.0,1297310000.0,41.6,42.05,40.4,40.8,64806996.0,2649947069.6,2.01
2025-05-29,82.05,83.49,81.9,83.44,19295585.0,1598940000.0,40.65,42.1,40.3,41.4,78720696.0,3248539773.45,2.0155
2025-05-30,83.01,83.1,81.94,82.09,14577233.0,1198910000.0,40.9,40.95,40.1,40.55,47926214.0,1936603587.75,2.0244
2025-06-02,,,,,,,40.0,40.2,38.95,40.1,17669886.0,698751187.25,
2025-06-03,82.2,82.78,81.37,82.47,14113706.0,1162430000.0,40.35,40.75,40.1,40.5,30164609.0,1220129300.7,2.0363
2025-06-04,82.6,83.32,82.26,83.18,13713352.0,1138880000.0,40.65,41.25,40.05,40.55,47464543.0,1930993798.65,2.0513
2025-06-05,83.49,84.87,83.03,84.39,24759154.0,2080750000.0,40.8,42.5,40.65,42.25,82871023.0,3469723367.05,1.9974
2025-06-06,84.33,85.0,83.78,84.56,18634650.0,1572910000.0,42.5,42.7,40.2,40.2,79455900.0,3293034771.35,2.1035
2025-06-09,84.15,85.08,84.1,84.43,19227453.0,1624820000.0,41.0,42.3,41.0,42.25,56000054.0,2344311555.5,1.9983
2025-06-10,84.49,84.49,82.02,82.32,25443912.0,2108010000.0,42.3,42.45,40.9,41.45,55812817.0,2312439461.4,1.986
2025-06-11,82.46,83.36,82.29,82.91,15435894.0,1280830000.0,41.45,42.15,41.35,41.65,35757268.0,1495125406.55,1.9906
2025-06-12,82.5,82.88,82.06,82.27,14536968.0,1197310000.0,41.0,41.4,40.65,40.8,42824332.0,1751917280.65,2.0164
2025-06-13,82.0,83.1,81.71,82.79,22621715.0,1862940000.0,40.5,41.25,39.75,40.0,79633783.0,3196701963.1,2.0697
2025-06-16,82.3,83.07,82.28,82.96,12509643.0,1036020000.0,39.6,40.4,39.05,40.1,51681028.0,2055546843.3,2.0688
2025-06-17,82.98,83.13,82.02,82.4,13764726.0,1134380000.0,40.15,40.2,39.25,39.7,55928944.0,2215020911.75,2.0756
2025-06-18,82.23,82.67,81.66,82.01,14912111.0,1224810000.0,39.4,39.7,38.85,39.25,50036747.0,1960312234.25,2.0894
2025-06-19,82.0,82.88,81.51,81.65,17728970.0,1454670000.0,39.0,39.9,38.65,38.85,63377499.0,2486859624.35,2.1017
2025-06-20,81.73,82.59,81.22,81.28,16691409.0,1365210000.0,39.25,39.95,38.95,39.5,64395487.0,2554630004.85,2.0577
2025-06-23,81.03,85.3,80.9,84.25,45387149.0,3804940000.0,39.65,41.8,39.35,41.3,129880829.0,5325493930.95,2.04
2025-06-24,84.25,85.37,84.09,85.15,30936689.0,2628500000.0,41.8,42.6,41.0,41.7,85608796.0,3580992969.3,2.042
2025-06-25,85.0,88.53,85.0,88.39,55719038.0,4850230000.0,42.1,44.6,42.1,44.05,164981826.0,7166695226.1,2.0066
2025-06-26,88.39,89.98,87.2,87.28,38656454.0,3414870000.0,44.5,45.65,43.8,44.5,106908424.0,4777723617.3,1.9613
2025-06-27,87.58,88.15,86.7,86.88,26165913.0,2286910000.0,44.85,45.8,44.7,44.85,88839165.0,4023726332.9,1.9371
2025-06-30,88.18,89.63,87.79,88.17,34352802.0,3041330000.0,46.25,48.0,44.55,44.7,151060507.0,7006576198.1,1.9725
2025-07-01,88.0,88.85,87.65,87.76,21688792.0,1911740000.0,,,,,,,
2025-07-02,87.5,87.73,85.81,86.1,22557267.0,1955240000.0,45.15,45.4,43.15,43.55,89397299.0,3924170324.6,1.977
2025-07-03,86.38,86.73,85.78,86.24,14615027.0,1260330000.0,43.65,44.65,43.15,43.3,78532958.0,3435376577.15,1.9917
2025-07-04,86.0,87.2,84.86,85.8,25225745.0,2166410000.0,43.1,44.8,41.5,43.95,124680391.0,5392124722.95,1.9522
2025-07-07,85.69,86.86,85.37,85.48,13534928.0,1162400000.0,44.3,45.0,43.7,44.3,58889473.0,2606606893.0,1.9296
2025-07-08,85.49,86.85,85.18,86.74,21766848.0,1876170000.0,44.65,45.9,44.45,45.65,68833165.0,3113078998.8,1.9001
2025-07-09,86.65,86.86,85.52,85.85,18310200.0,1578140000.0,45.65,45.7,44.4,44.65,48918407.0,2196646182.75,1.9227
2025-07-10,85.61,86.17,85.5,85.67,17563946.0,1506710000.0,44.75,45.4,44.5,44.95,39808214.0,1792304264.65,1.9059
2025-07-11,85.7,89.34,85.4,88.16,46992238.0,4128340000.0,44.75,46.85,44.75,45.95,83344868.0,3852759756.85,1.9186
2025-07-14,88.3,88.49,87.47,87.52,18983136.0,1667930000.0,46.2,47.0,45.7,46.45,54314874.0,2528363662.8,1.8842
2025-07-15,87.15,87.95,86.61,87.89,20617316.0,1800360000.0,46.4,47.1,44.9,45.6,92558441.0,4218269477.1,1.9274
2025-07-16,87.73,88.2,86.77,87.12,19670851.0,1720550000.0,45.35,46.45,44.55,45.4,58314723.0,2664586789.55,1.9189
2025-07-17,87.06,89.0,86.32,88.79,28792216.0,2535640000.0,45.6,46.55,45.15,46.3,56836441.0,2623705430.2,1.9177
2025-07-18,88.75,89.13,87.93,88.51,21995993.0,1948100000.0,46.7,47.35,45.95,47.1,63008978.0,2951468492.45,1.8792
2025-07-21,88.45,89.52,88.04,89.02,22271915.0,1983500000.0,47.45,48.0,46.6,47.25,57525367.0,2723930171.65,1.884
2025-07-22,88.7,90.55,88.5,89.08,29742068.0,2662980000.0,47.5,49.2,47.1,48.55,101030803.0,4899480384.2,1.8348
2025-07-23,88.9,90.19,88.3,89.39,31654941.0,2831680000.0,49.25,49.3,47.9,48.75,72702914.0,3538326636.1,1.8336
2025-07-24,89.1,92.9,89.0,91.75,52232453.0,4779310000.0,48.95,51.6,48.75,50.25,139872459.0,7048749847.65,1.8259
2025-07-25,91.74,93.68,90.99,93.47,44212479.0,4076410000.0,50.4,53.8,50.2,52.75,145837338.0,7590908385.6,1.7719
2025-07-28,93.64,93.69,91.96,92.18,34264005.0,3167890000.0,53.55,53.55,52.0,53.1,81890865.0,4324208964.55,1.736
2025-07-29,92.0,92.63,90.81,92.17,29414208.0,2699800000.0,53.1,53.45,51.55,53.35,67956748.0,3570411345.5,1.7276
2025-07-30,91.7,91.83,89.74,90.36,31001859.0,2815720000.0,52.65,52.65,50.0,50.2,118943656.0,6064938553.25,1.8
2025-07-31,90.32,92.75,89.46,89.5,46198852.0,4187080000.0,50.0,52.95,49.1,51.1,104907136.0,5389700442.85,1.7515
2025-08-01,89.2,90.33,88.02,88.29,27414033.0,2439840000.0,51.1,52.3,49.9,50.05,65840725.0,3339652390.1,1.764
2025-08-04,87.95,90.63,87.88,90.07,28605760.0,2568810000.0,49.8,51.75,49.8,51.5,53873828.0,2762951740.9,1.7489
2025-08-05,89.85,90.58,89.58,90.0,19567940.0,1761820000.0,51.6,52.7,50.5,51.0,69595649.0,3598089024.1,1.7647
2025-08-06,89.86,91.0,89.53,90.78,26779787.0,2418540000.0,51.25,52.95,50.5,52.6,72245201.0,3752208341.88,1.7259
2025-08-07,90.7,91.7,89.75,90.59,31525994.0,2859640000.0,52.55,54.7,51.85,53.0,90416223.0,4817905731.5,1.7092
2025-08-08,88.0,88.5,86.66,86.66,58473050.0,5098980000.0,51.0,51.3,48.5,48.66,218640904.0,10862437945.42,1.7809
2025-08-11,86.69,87.18,86.22,86.96,27919314.0,2423560000.0,49.04,49.24,47.14,48.7,109296429.0,5252424959.88,1.7856
2025-08-12,86.95,90.1,86.42,88.52,55155240.0,4870770000.0,48.86,51.55,48.2,51.15,112240544.0,5643214205.38,1.7306
2025-08-13,88.01,89.23,88.0,88.66,38430442.0,3405730000.0,51.25,52.1,50.95,52.05,83959625.0,4338376317.8,1.7034
2025-08-14,88.69,92.58,88.69,89.46,74149226.0,6741600000.0,52.5,54.4,51.85,52.0,115170190.0,6115399028.75,1.7204
2025-08-15,89.0,93.3,88.48,91.84,69049946.0,6288370000.0,51.75,53.2,51.45,52.75,80095392.0,4198116124.46,1.741
2025-08-18,93.5,95.17,91.36,92.31,83342313.0,7749850000.0,53.5,53.8,51.75,51.8,80816682.0,4240548938.25,1.782
2025-08-19,91.67,92.48,89.35,89.35,74465214.0,6762910000.0,51.85,52.15,49.66,50.05,77786478.0,3938378220.38,1.7852
2025-08-20,89.4,92.49,88.19,92.28,85874556.0,7756060000.0,49.5,52.55,49.4,51.75,106235006.0,5415142819.44,1.7832
2025-08-21,92.3,94.11,90.8,91.05,60682605.0,5593620000.0,51.85,53.05,50.9,51.7,67561130.0,3500967477.95,1.7611
2025-08-22,92.5,105.0,92.42,103.97,206194809.0,20322970000.0,52.85,57.5,52.7,56.9,296455102.0,16408960102.1,1.8272
2025-08-25,106.0,109.24,101.1,103.17,176063698.0,18348500000.0,58.45,61.75,56.0,57.8,235311070.0,13797807969.8,1.7849
2025-08-26,101.0,102.57,100.13,100.93,85607409.0,8663990000.0,57.0,57.45,55.4,56.2,104068446.0,5861733754.95,1.7959
2025-08-27,102.2,106.69,100.59,101.51,142262071.0,14762340000.0,57.0,60.3,55.75,56.25,221959736.0,12950278965.15,1.8046
2025-08-28,102.0,119.22,101.99,119.22,242032511.0,27118770000.0,57.0,62.8,56.65,62.3,328184511.0,19836412050.45,1.9136
2025-08-29,114.0,116.0,112.26,114.76,163967037.0,18711480000.0,62.25,62.25,59.9,60.7,138500782.0,8421519659.7,1.8906
2025-09-01,,,,,,,64.75,65.65,60.55,63.65,188898351.0,11900231386.65,
2025-09-02,,,,,,,63.8,64.1,58.75,60.7,189292322.0,11551325833.3,
2025-09-03,,,,,,,61.85,62.1,59.35,60.0,81425532.0,4921642177.1,
2025-09-04,,,,,,,60.2,60.8,55.35,56.0,187841288.0,10686938015.15,
2025-09-05,,,,,,,56.8,60.2,56.3,58.7,158505131.0,9247560551.85,
2025-09-08,,,,,,,58.7,58.8,56.65,58.15,97043391.0,5587725876.4,
2025-09-09,102.0,108.65,101.2,102.99,157469570.0,16482010000.0,58.0,60.65,56.0,58.25,120101934.0,7076891614.5,1.7681
2025-09-10,103.0,105.96,102.13,103.91,103992570.0,10822520000.0,58.7,60.95,58.7,60.35,90346929.0,5418157278.8,1.7218
2025-09-11,102.62,112.8,99.98,110.28,146750166.0,15776090000.0,60.1,64.45,59.4,63.35,134823644.0,8470709376.15,1.7408
2025-09-12,109.28,112.49,108.01,108.42,115902204.0,12730300000.0,64.2,65.0,62.1,62.75,103139295.0,6551506993.9,1.7278
2025-09-15,110.55,112.55,107.5,108.66,94683618.0,10395580000.0,63.65,64.5,62.55,63.0,64804768.0,4105909630.4,1.7248
2025-09-16,109.0,111.86,108.09,109.78,86625924.0,9501060000.0,63.1,64.2,61.95,63.2,76132007.0,4815565275.15,1.737
2025-09-17,110.8,120.8,109.8,117.39,152847561.0,17861080000.0,64.3,67.8,63.7,67.7,169646110.0,11267083951.2,1.734
2025-09-18,119.98,127.49,116.35,122.15,193156778.0,23495280000.0,68.55,73.3,67.7,69.5,243974812.0,17235177264.5,1.7576
2025-09-19,123.0,127.4,120.11,121.34,144910623.0,17943780000.0,71.1,72.5,68.65,69.75,151250095.0,10678918079.35,1.7396
2025-09-22,120.54,129.83,119.05,128.92,158828147.0,19858610000.0,69.75,74.05,69.05,73.35,136569630.0,9878453943.5,1.7576
2025-09-23,127.64,129.33,122.63,128.51,144127353.0,18120120000.0,74.05,74.7,70.25,72.6,135366490.0,9766187429.8,1.7701
2025-09-24,126.88,137.98,126.23,134.98,146094753.0,19497520000.0,72.8,78.25,72.15,76.75,150321829.0,11402208955.7,1.7587
2025-09-25,133.0,137.8,132.31,134.11,103258321.0,13953310000.0,77.2,78.8,75.2,76.8,114883313.0,8861911614.950003,1.7462
2025-09-26,132.71,135.95,131.2,132.27,91244519.0,12181640000.0,75.9,77.8,72.2,72.95,141599380.0,10641068508.85,1.8132
2025-09-29,131.0,136.02,129.16,136.02,102720723.0,13627570000.0,74.0,76.5,73.1,76.5,106533474.0,7973807065.65,1.778
2025-09-30,138.5,142.0,136.6,140.13,98622900.0,13794110000.0,77.5,79.95,77.5,79.55,115419312.0,9114340568.6,1.7615
2025-10-02,,,,,,,80.15,90.35,80.1,89.65,67389636.0,5840577417.9,
2025-10-03,,,,,,,90.35,91.35,88.65,90.9,34462352.0,3102587937.5,
2025-10-06,,,,,,,90.5,92.8,87.4,91.05,43900768.0,3953173088.1,
2025-10-08,,,,,,,91.0,91.5,87.7,89.5,38845844.0,3468659227.95,
2025-10-09,144.0,153.0,137.0,138.91,166284110.0,24249280000.0,88.4,93.5,82.5,83.5,303809230.0,26499269878.05,1.6636
2025-10-10,134.87,134.94,127.17,127.95,161742076.0,21074150000.0,81.95,82.65,76.65,77.55,203174461.0,16039839476.8,1.6499
2025-10-13,126.0,136.48,126.0,136.47,140299486.0,18642590000.0,75.5,81.4,75.5,80.15,265993481.0,21053000125.19,1.7027
2025-10-14,136.96,137.8,125.8,127.2,132100403.0,17321650000.0,81.8,81.85,72.1,73.35,210423170.0,15877622091.25,1.7342
2025-10-15,127.18,129.73,124.6,129.56,80798726.0,10284320000.0,74.2,76.15,71.5,76.0,135742186.0,10055792360.55,1.7047
2025-10-16,127.8,130.28,126.6,127.3,61231062.0,7841130000.0,76.0,76.2,72.6,73.9,89385266.0,6646206862.36,1.7226
2025-10-17,126.85,127.32,120.87,121.98,82052898.0,10097290000.0,73.65,74.1,68.35,69.1,166659866.0,11670648306.45,1.7653
2025-10-20,124.1,125.18,121.69,122.63,57123935.0,7060330000.0,71.6,72.75,70.2,71.8,85998261.0,6154771202.8,1.7079
2025-10-21,123.8,127.85,122.61,127.19,78415088.0,9888220000.0,73.3,76.4,72.85,74.05,121886166.0,9150416914.2,1.7176
2025-10-22,125.42,129.27,123.81,126.81,65395411.0,8265030000.0,73.85,75.9,72.5,74.85,82298535.0,6133300353.35,1.6942
2025-10-23,125.18,128.5,124.01,128.3,63426402.0,8038110000.0,74.5,75.0,71.85,74.05,91305190.0,6709750973.75,1.7326
2025-10-24,130.3,134.8,128.9,134.06,102446621.0,13548730000.0,75.7,80.05,75.7,80.0,154628465.0,12097320317.99,1.6758
2025-10-27,137.5,137.5,132.3,134.5,101264304.0,13623210000.0,82.95,83.8,80.8,82.8,143794946.0,11878770764.15,1.6244
2025-10-28,133.0,135.8,132.0,132.69,69518945.0,9299050000.0,82.8,85.5,80.05,80.1,124471245.0,10274836310.8,1.6566
2025-10-29,132.0,134.53,130.31,133.0,68846074.0,9111440000.0,,,,,,,
2025-10-30,133.0,133.0,128.51,128.55,69286397.0,9018980000.0,81.95,82.4,77.3,79.2,141883664.0,11245295756.5,1.6231
2025-10-31,128.03,128.7,124.18,124.18,69166889.0,8692100000.0,79.2,79.2,74.6,75.0,108145564.0,8204539498.7,1.6557
2025-11-03,122.0,122.6,117.55,120.21,74770927.0,8940380000.0,74.2,75.2,71.3,72.85,95882523.0,6944375404.3,1.6501
2025-11-04,121.0,122.66,119.0,119.88,47738417.0,5770500000.0,73.6,75.45,71.65,71.85,74920975.0,5499102985.7,1.6685
2025-11-05,116.9,121.1,116.5,119.78,48501600.0,5753270000.0,70.0,72.35,69.35,71.7,76003489.0,5361959810.8,1.6706
2025-11-06,121.9,125.99,121.05,124.85,73150765.0,9060520000.0,73.55,77.75,72.85,76.95,118576840.0,8930186892.950003,1.6225
2025-11-07,122.93,124.18,122.05,122.11,38229214.0,4694220000.0,75.75,77.95,74.7,75.45,58051968.0,4413125308.8,1.6184
2025-11-10,122.13,122.95,118.76,120.01,39583271.0,4749070000.0,76.0,76.7,72.5,74.7,74373722.0,5495250755.4,1.6066
2025-11-11,120.6,121.47,117.53,117.73,34253008.0,4073860000.0,75.45,75.6,71.55,72.65,70851474.0,5177861386.25,1.6205
2025-11-12,117.0,119.8,115.74,119.63,45701552.0,5405410000.0,72.5,73.55,70.7,73.25,66485006.0,4797348967.25,1.6332
2025-11-13,118.99,123.33,117.8,123.1,54988853.0,6638320000.0,72.85,75.6,71.7,75.6,88521178.0,6548446640.05,1.6283
2025-11-14,123.0,125.5,117.89,118.18,77529352.0,9432870000.0,74.25,77.25,73.2,73.5,93053916.0,6999751274.55,1.6079
2025-11-17,116.82,119.29,116.51,117.63,42177341.0,4961790000.0,73.8,75.65,72.8,72.95,60837818.0,4507146855.0,1.6125
2025-11-18,117.5,120.18,117.13,117.96,47391508.0,5629540000.0,72.65,75.65,72.2,74.0,69119836.0,5140533578.4,1.5941
2025-11-19,117.99,118.49,115.51,116.28,41511956.0,4848790000.0,74.6,74.75,72.05,73.0,49252284.0,3600236181.05,1.5929
2025-11-20,117.99,118.29,116.46,116.78,34470285.0,4045620000.0,74.6,75.25,72.3,73.5,59009341.0,4345727602.850001,1.5888
2025-11-21,113.86,116.08,113.0,113.0,46135862.0,5264860000.0,71.1,71.95,68.6,68.8,107859632.0,7538430313.25,1.6424
2025-11-24,112.99,113.5,108.18,111.51,55790863.0,6159090000.0,69.05,69.55,63.7,68.05,146771590.0,9721540241.04,1.6386
2025-11-25,112.5,113.96,111.37,111.68,40722382.0,4584280000.0,68.9,70.25,66.9,67.95,77251132.0,5306909261.15,1.6436
2025-11-26,110.7,113.9,110.61,112.71,41955357.0,4731200000.0,67.8,69.95,66.9,68.85,48414677.0,3324895741.75,1.637
2025-11-27,113.8,116.8,112.56,112.71,52343112.0,6012840000.0,69.15,71.8,68.15,68.35,67041842.0,4692901086.65,1.649
2025-11-28,112.71,114.11,111.4,113.6,30866384.0,3486790000.0,69.6,69.6,67.9,68.8,34635482.0,2380158686.0,1.6512
2025-12-01,113.4,114.68,112.6,114.4,32764004.0,3724980000.0,68.9,69.95,67.85,69.45,36618423.0,2532143772.95,1.6472
2025-12-02,114.1,114.19,112.7,113.0,23777182.0,2694920000.0,69.35,69.65,68.05,68.65,23942332.0,1643697393.15,1.646
2025-12-03,112.8,113.69,111.13,111.62,24541359.0,2756770000.0,68.15,69.25,66.85,67.2,35626389.0,2414488068.4,1.661
2025-12-04,111.65,114.73,110.98,114.73,38755196.0,4392460000.0,67.3,70.25,66.55,69.8,50376074.0,3464806371.05,1.6437
2025-12-05,114.0,114.88,112.5,114.18,35265366.0,4015690000.0,69.75,70.9,68.55,69.75,45551129.0,3185007812.75,1.637
2025-12-08,114.21,118.0,114.18,117.2,50835977.0,5945080000.0,70.2,72.9,70.15,71.8,69233641.0,4987910867.7,1.6323
2025-12-09,115.58,117.9,115.51,116.32,37138445.0,4333830000.0,70.6,71.0,68.45,68.85,66229434.0,4607931833.35,1.6895
2025-12-10,115.58,116.59,113.44,116.31,31571473.0,3624510000.0,69.3,69.35,67.2,68.7,44357583.0,3008830804.2,1.693
2025-12-11,116.53,117.14,113.5,113.61,30310896.0,3488210000.0,69.0,69.25,66.55,67.15,49462751.0,3336579001.1,1.6919
2025-12-12,113.61,117.42,111.6,116.8,58499804.0,6734950000.0,67.6,68.65,65.35,67.7,59855565.0,4013006713.3,1.7253
2025-12-15,115.15,116.5,113.0,113.01,34241746.0,3933790000.0,68.0,68.0,64.45,64.7,67089126.0,4402278480.600001,1.7467
2025-12-16,112.5,113.35,110.27,110.7,32337953.0,3605860000.0,64.5,65.15,62.0,63.45,64784997.0,4081880316.15,1.7447
2025-12-17,110.82,113.9,110.13,113.29,34389272.0,3848930000.0,63.05,65.2,63.05,64.75,40298935.0,2593098164.65,1.7497
2025-12-18,112.8,115.72,112.75,112.8,31470029.0,3583330000.0,64.0,65.6,63.65,64.7,39415584.0,2550990720.15,1.7434
2025-12-19,113.2,115.48,113.0,113.63,27261250.0,3107490000.0,65.45,66.15,64.8,65.05,39163474.0,2561376268.1,1.7468
2025-12-22,114.6,121.44,114.6,120.45,81011369.0,9622360000.0,66.0,70.45,65.95,68.9,91315684.0,6275741564.85,1.7482
2025-12-23,120.5,121.58,119.02,119.9,48360142.0,5823920000.0,69.5,70.35,68.3,68.9,49966498.0,3462248497.25,1.7402
2025-12-24,122.5,124.38,121.11,123.41,62956098.0,7744550000.0,70.35,72.5,70.35,71.05,69359801.0,4956364778.58,1.7369
2025-12-25,123.0,125.99,122.66,123.08,47180958.0,5854140000.0,,,,,,,
2025-12-26,122.58,124.79,121.16,122.1,40239799.0,4938390000.0,,,,,,,
2025-12-29,123.0,125.65,122.02,122.5,50683161.0,6280270000.0,71.5,73.7,69.55,69.55,77352135.0,5539644531.11,1.7613
2025-12-30,124.45,126.69,124.0,125.28,60495831.0,7582350000.0,71.5,73.15,70.45,72.5,93554254.0,6743620823.85,1.728
2025-12-31,125.99,126.2,122.4,122.83,41158685.0,5082730000.0,72.9,73.45,71.2,71.45,33185970.0,2398272191.0,1.7191
2026-01-02,,,,,,,71.45,75.4,70.8,75.1,40669802.0,3029361268.05,
2026-01-05,126.84,130.17,126.2,129.95,91139404.0,11742870000.0,75.8,78.3,75.05,76.5,129977658.0,9955751451.69,1.6987
2026-01-06,129.0,134.2,128.77,131.84,73069695.0,9623980000.0,77.0,78.9,75.4,75.6,100574288.0,7747964894.33,1.7439
2026-01-07,131.84,132.82,128.85,129.98,59804086.0,7783880000.0,76.4,76.7,73.7,74.7,98807996.0,7393201282.1,1.74
2026-01-08,128.95,134.68,128.91,130.15,61691881.0,8145420000.0,74.6,77.45,74.1,74.95,92810803.0,7054325352.95,1.7365
2026-01-09,129.15,130.01,127.77,128.88,51127488.0,6581950000.0,75.5,76.25,73.5,74.4,71074224.0,5292258826.0,1.7323
2026-01-12,128.52,129.62,126.68,127.66,56393564.0,7202160000.0,74.5,75.5,73.35,75.3,64618788.0,4811958827.9,1.6954
2026-01-13,127.49,128.15,122.86,123.63,65207280.0,8154110000.0,75.2,76.15,73.25,74.45,69713451.0,5190603701.05,1.6606
2026-01-14,123.51,127.6,123.5,124.49,64968391.0,8155390000.0,74.6,76.45,74.15,75.95,80458547.0,6069374666.9,1.6391
2026-01-15,123.49,125.5,122.33,124.44,55660423.0,6895090000.0,75.5,78.4,74.95,77.35,72736228.0,5574170845.0,1.6088
2026-01-16,127.5,128.82,124.88,126.99,75651257.0,9597580000.0,78.8,79.7,77.6,79.2,88248919.0,6964284811.0,1.6034
2026-01-19,127.05,128.5,125.12,125.29,47753702.0,6024300000.0,79.2,80.1,77.0,77.0,52927092.0,4128915754.6,1.6271
2026-01-20,125.0,125.5,121.81,122.18,50869359.0,6261670000.0,77.4,77.6,73.75,74.5,65838024.0,4930807502.0,1.64
2026-01-21,120.93,128.89,120.58,127.19,97052521.0,12294760000.0,73.45,77.75,73.35,77.25,75590192.0,5792655804.55,1.6465
2026-01-22,128.98,130.82,125.57,126.8,64809463.0,8269000000.0,78.5,79.45,76.4,77.85,50921076.0,3962351190.25,1.6288
2026-01-23,126.8,127.37,124.03,124.96,49063104.0,6130480000.0,78.5,78.55,76.85,78.1,36489263.0,2829325430.2,1.6
2026-01-26,124.01,125.88,121.9,121.92,50256650.0,6184620000.0,77.4,77.45,74.7,75.55,53747542.0,4061396346.65,1.6138
2026-01-27,122.0,125.74,119.22,124.05,65526157.0,8023170000.0,75.5,77.15,73.95,76.6,60791315.0,4602074537.3,1.6195
2026-01-28,124.99,128.99,124.99,128.55,99458326.0,12644230000.0,77.2,79.9,77.15,79.3,98301722.0,7740920348.3,1.6211
2026-01-29,127.6,127.81,122.16,122.4,71564935.0,8897090000.0,79.7,79.8,75.85,77.25,74734384.0,5781591339.45,1.5845
2026-01-30,121.33,124.94,120.07,122.97,52771906.0,6468950000.0,76.0,77.0,74.5,75.4,52788932.0,4001555554.05,1.6309
2026-02-02,121.4,122.59,116.8,117.06,59669081.0,7104970000.0,75.0,75.0,70.85,72.2,97837858.0,7082961928.75,1.6213
2026-02-03,118.69,118.84,113.46,116.03,56176952.0,6500020000.0,73.2,73.7,69.35,70.45,92793142.0,6581260145.4,1.647
2026-02-04,114.5,114.99,113.15,114.84,35139347.0,4005040000.0,69.8,69.85,67.8,68.75,69297925.0,4761605369.85,1.6704
2026-02-05,112.99,114.5,110.39,111.8,44644765.0,4982590000.0,67.2,67.8,65.5,67.45,75575663.0,5029573001.0,1.6575
2026-02-06,110.14,114.6,110.14,112.7,40822691.0,4597780000.0,66.0,69.05,65.75,67.6,53161260.0,3596186460.25,1.6672
2026-02-09,114.8,115.07,113.7,114.93,32101810.0,3676020000.0,69.6,71.75,69.0,70.35,54489471.0,3829588097.55,1.6337
2026-02-10,115.2,116.9,114.85,116.2,34043651.0,3949080000.0,71.2,71.95,70.15,71.55,45008675.0,3207609902.7,1.624
2026-02-11,114.0,116.14,113.5,115.01,34533673.0,3955490000.0,69.85,70.0,68.25,70.0,88262555.0,6109846387.05,1.643
2026-02-12,115.55,117.18,115.11,116.58,33362254.0,3880740000.0,70.8,71.0,69.35,69.8,40928219.0,2866249860.32,1.6702
2026-02-13,116.23,117.98,115.56,116.93,34368740.0,4020570000.0,69.1,71.4,68.65,70.35,49969181.0,3516982735.25,1.6621
2026-02-16,,,,,,,70.45,70.65,69.25,69.9,7346214.0,514912195.6,
2026-02-20,,,,,,,69.9,70.45,67.7,67.7,13802979.0,944863270.6,
2026-02-23,,,,,,,68.4,71.75,68.4,71.1,23965395.0,1699086444.05,
2026-02-24,118.03,118.18,115.62,115.82,27615568.0,3217730000.0,69.9,70.8,68.6,69.4,51793107.0,3600365903.65,1.6689
2026-02-25,117.0,117.5,115.85,116.13,27552856.0,3214690000.0,70.55,71.0,69.8,69.85,43679241.0,3069609609.95,1.6626
2026-02-26,116.13,117.23,114.29,116.65,32702183.0,3787600000.0,70.65,70.65,67.6,67.6,56464703.0,3887415317.25,1.7256
2026-02-27,115.03,115.87,114.32,115.0,27930878.0,3213700000.0,67.6,69.0,66.45,68.0,36167811.0,2461828304.2,1.6912
2026-03-02,112.88,114.2,112.3,112.53,34978475.0,3952730000.0,66.6,67.6,64.55,64.6,91011720.0,5952804158.8,1.742
2026-03-03,113.23,114.75,107.69,108.31,54098700.0,5976580000.0,65.25,65.5,61.0,62.55,85167593.0,5347352241.9,1.7316
2026-03-04,107.32,109.7,106.12,106.69,32274958.0,3470640000.0,61.0,63.2,60.7,61.25,60414856.0,3722920367.45,1.7419
2026-03-05,108.6,109.26,106.09,106.9,35353181.0,3803230000.0,63.0,63.55,61.25,61.5,50672825.0,3157377093.4,1.7382
2026-03-06,107.0,108.34,106.17,106.5,34048616.0,3648250000.0,61.65,63.6,61.1,61.8,70796224.0,4410152783.5,1.7233
2026-03-09,103.97,105.79,101.63,105.14,39355967.0,4065900000.0,58.8,61.3,58.3,60.85,69946059.0,4180002241.25,1.7279
2026-03-10,106.9,107.75,105.7,107.28,31832190.0,3400130000.0,62.35,64.2,61.8,64.2,58878832.0,3716928164.25,1.671
2026-03-11,107.23,108.8,107.0,107.1,27998297.0,3016800000.0,64.5,65.4,63.35,63.75,39428906.0,2537643136.95,1.68
2026-03-12,107.0,108.55,104.95,106.01,28881977.0,3075180000.0,63.1,65.6,62.4,63.1,41020368.0,2614831374.3,1.68
2026-03-13,105.02,107.83,104.5,107.06,34163326.0,3642160000.0,62.6,62.9,61.3,62.2,40672853.0,2520123266.25,1.7212
2026-03-16,106.31,110.32,105.5,108.6,42255497.0,4559220000.0,61.85,64.15,60.5,62.5,53596361.0,3338761947.2,1.7376
2026-03-17,108.54,108.58,105.99,106.02,29571804.0,3173440000.0,63.15,63.35,61.1,61.85,44776126.0,2779765470.35,1.7141
2026-03-18,105.78,106.88,105.25,106.6,26334592.0,2794680000.0,62.3,62.7,61.1,61.7,38618450.0,2385622047.4,1.7277
2026-03-19,105.01,107.69,104.51,105.96,37865595.0,4001790000.0,60.5,61.1,59.25,59.75,68178947.0,4095921239.69,1.7734
2026-03-20,105.2,105.72,102.18,102.18,38129475.0,3960180000.0,59.75,60.45,56.3,56.9,86432962.0,5015536159.0,1.7958
2026-03-23,100.01,101.99,97.4,98.04,50667126.0,5040930000.0,55.0,55.95,52.8,54.15,107629358.0,5834380334.55,1.8105
2026-03-24,98.9,99.37,97.25,99.25,33680326.0,3314640000.0,55.05,55.2,53.1,55.2,62381777.0,3394617395.35,1.798
2026-03-25,99.67,100.94,99.28,99.99,32130643.0,3215490000.0,55.6,57.7,55.6,56.5,55556759.0,3135582424.15,1.7697
2026-03-26,99.55,99.7,96.55,96.88,31319889.0,3067690000.0,56.0,56.1,52.9,53.15,67639023.0,3640332231.0,1.8228
2026-03-27,96.0,98.39,95.87,97.5,28087527.0,2738260000.0,52.1,53.45,51.8,52.5,55576934.0,2930539747.35,1.8571
2026-03-30,95.8,96.19,94.0,95.83,32887003.0,3130020000.0,50.5,51.7,49.32,51.4,79858927.0,4044725366.39,1.8644
2026-03-31,95.8,97.4,94.0,94.05,29383903.0,2809490000.0,50.8,52.9,50.0,50.7,49238685.0,2517391877.75,1.855
2026-04-01,96.4,96.7,94.81,96.33,32564808.0,3121620000.0,52.75,53.65,51.9,52.85,62707381.0,3312618308.05,1.8227
2026-04-02,95.5,95.79,92.51,93.2,29382832.0,2760190000.0,52.85,52.85,50.05,51.0,65408563.0,3332648260.0,1.8275
2026-04-03,93.41,93.94,91.76,91.78,21646163.0,2004260000.0,,,,,,,
2026-04-07,91.5,96.99,91.2,95.62,45824231.0,4340590000.0,,,,,,,
2026-04-08,99.02,101.54,99.02,101.18,54469712.0,5458090000.0,54.8,57.15,53.95,56.15,120792522.0,6718809753.25,1.802
2026-04-09,99.4,101.2,99.2,99.72,31071653.0,3111340000.0,55.65,57.0,54.5,55.7,51135459.0,2865786347.3,1.7903
2026-04-10,101.0,102.79,100.68,101.01,40630514.0,4130860000.0,57.0,59.6,56.9,58.25,104483042.0,6108620059.05,1.7341
2026-04-13,99.85,102.8,99.72,100.64,35188522.0,3554990000.0,57.4,58.2,56.6,57.15,41213698.0,2356011426.4,1.761
2026-04-14,102.1,102.28,100.38,101.52,37091059.0,3760620000.0,58.9,58.9,57.15,57.95,41751669.0,2421186116.75,1.7519
2026-04-15,102.05,106.1,101.8,103.91,70483900.0,7336890000.0,59.7,60.45,58.65,59.3,68304303.0,4065827555.2,1.7523
2026-04-16,103.5,105.0,103.0,104.18,39372135.0,4092710000.0,59.3,60.15,58.75,59.95,48238382.0,2873327858.9,1.7378
2026-04-17,103.82,107.3,103.27,105.23,50375527.0,5313220000.0,60.0,60.45,58.65,59.35,43292976.0,2572189053.95,1.773
2026-04-20,105.93,108.6,105.01,107.96,54770262.0,5872450000.0,60.0,60.95,58.8,59.8,56745504.0,3399472544.95,1.8054
2026-04-21,107.33,108.15,105.68,107.46,37258425.0,3976050000.0,60.3,60.4,59.3,60.1,35219004.0,2113292179.4,1.788
2026-04-22,106.8,108.08,106.5,107.87,37521674.0,4023320000.0,59.6,60.15,58.45,59.3,59394935.0,3512661252.4,1.8191
2026-04-23,108.88,109.12,105.2,105.98,44149101.0,4724880000.0,59.9,60.45,57.7,58.45,53658696.0,3153160577.25,1.8132
2026-04-24,105.58,113.25,104.61,110.96,91070363.0,9980490000.0,57.7,65.3,57.65,64.3,197782770.0,12413152552.85,1.7257
2026-04-27,113.25,117.69,112.6,116.58,97029586.0,11249550000.0,67.2,69.95,66.55,68.25,174513759.0,11971408461.6,1.7081
2026-04-28,115.24,117.64,113.02,114.0,62500730.0,7209850000.0,68.7,68.9,65.3,66.05,95445464.0,6391136782.05,1.726
2026-04-29,113.35,113.82,109.78,112.47,51488254.0,5750210000.0,65.65,66.25,64.1,65.8,65251961.0,4257623647.65,1.7093
2026-04-30,113.31,119.88,113.3,118.73,101838285.0,11911530000.0,66.35,71.7,66.0,70.9,168177459.0,11666287375.1,1.6746
2026-05-04,,,,,,,72.0,74.65,72.0,72.15,39679795.0,2915603399.85,
2026-05-05,,,,,,,71.3,71.9,70.1,70.8,17343650.0,1226803515.7,
2026-05-06,122.0,128.12,121.74,123.1,129294051.0,16176670000.0,73.75,79.4,73.6,74.85,216090246.0,16500926016.15,1.6446
2026-05-07,125.11,127.48,122.22,125.34,84277403.0,10482930000.0,76.55,79.4,74.35,76.75,145130185.0,11133754576.4,1.6331
2026-05-08,122.9,123.19,120.05,120.31,70861810.0,8595730000.0,74.85,75.3,72.5,73.35,106496499.0,7803020446.35,1.6402
2026-05-11,122.99,124.57,121.9,122.52,81485972.0,10017300000.0,75.65,77.85,75.55,76.6,110370158.0,8474024541.0,1.5995
2026-05-12,124.44,125.44,120.0,121.98,81773234.0,10018640000.0,77.95,78.0,73.4,76.6,99822983.0,7561506977.1,1.5924
2026-05-13,119.0,122.5,116.04,121.86,95495148.0,11374280000.0,74.35,75.2,72.1,74.15,86814246.0,6430596721.75,1.6434
2026-05-14,121.92,124.04,117.0,117.9,79065015.0,9451220000.0,75.3,76.1,71.5,71.5,98394521.0,7186543598.7,1.649
2026-05-15,121.0,125.0,118.48,119.02,132810054.0,16152500000.0,73.9,76.65,70.75,71.15,156841011.0,11574741504.15,1.6728
2026-05-18,117.4,120.34,115.6,117.62,74896919.0,8855420000.0,70.55,72.65,67.6,68.7,118961756.0,8304258621.64,1.7121
2026-05-19,116.16,118.88,112.68,118.82,84026978.0,9713880000.0,67.95,69.4,65.2,68.5,119791532.0,8014463903.8,1.7346
2026-05-20,118.0,136.63,117.5,133.81,224880056.0,28996720000.0,68.05,77.45,67.6,75.15,258516139.0,19218462575.85,1.7806
2026-05-21,134.0,137.63,127.1,127.22,154677671.0,20601830000.0,78.0,79.4,73.5,74.2,179007685.0,13771155178.7,1.7146
2026-05-22,129.33,132.18,126.5,131.33,119947788.0,15516840000.0,76.85,80.1,73.6,79.85,212610930.0,16513887812.45,1.6447
2026-05-25,136.0,157.6,136.0,156.0,252180226.0,37253710000.0,,,,,,,
2026-05-26,150.73,154.44,145.5,149.18,179924241.0,26787300000.0,91.8,93.0,84.1,84.4,371835947.0,32579806617.8,1.7675
2026-05-27,150.0,153.52,145.0,146.22,123498375.0,18473690000.0,86.0,89.45,83.15,85.2,192709679.0,16653965063.8,1.7162
2026-05-28,146.0,159.05,146.0,153.7,160823175.0,24822320000.0,84.95,92.5,84.3,88.25,264369889.0,23659568499.92,1.7416
2026-05-29,150.92,152.38,138.49,139.91,153681264.0,22138460000.0,88.5,89.65,80.8,81.6,214921589.0,18216477284.68,1.7146
2026-06-01,139.76,140.8,132.04,132.44,100884914.0,13645020000.0,81.3,84.3,78.55,79.45,140374235.0,11359210365.85,1.667
2026-06-02,132.98,135.5,129.3,132.48,92368820.0,12256040000.0,79.85,83.4,79.15,81.95,104037549.0,8492423021.9,1.6166
2026-06-03,132.0,138.75,131.85,134.0,99212745.0,13487780000.0,83.05,85.8,81.9,82.95,111192799.0,9361647471.05,1.6154
2026-06-04,131.0,137.57,130.0,134.88,77852688.0,10493290000.0,81.65,84.75,80.0,81.5,100629284.0,8331977554.1,1.655
2026-06-05,131.0,134.75,126.7,127.4,93457433.0,12150120000.0,80.8,81.45,75.35,75.65,192990499.0,14927141279.05,1.6841
2026-06-08,120.0,124.28,120.0,121.92,78122559.0,9545780000.0,73.0,76.1,71.15,72.55,140624827.0,10255444048.95,1.6805
2026-06-09,123.5,128.03,120.89,127.3,76966277.0,9607780000.0,73.0,76.8,71.6,75.0,96331167.0,7189351420.8,1.6973
2026-06-10,125.0,131.18,124.5,125.34,66909414.0,8511490000.0,74.05,77.8,71.05,72.35,108384523.0,7967409050.2,1.7324
2026-06-11,124.0,129.08,123.01,127.4,62627599.0,7935640000.0,72.3,73.55,70.5,73.3,80335506.0,5782299307.37,1.7381
2026-06-12,131.64,134.87,124.37,124.88,81743729.0,10575820000.0,75.55,77.0,71.3,71.65,101440814.0,7534475268.4,1.7429
2026-06-15,128.59,131.0,124.89,130.52,72860409.0,9404700000.0,74.0,76.95,72.65,76.65,99265387.0,7521190504.65,1.7028
2026-06-16,131.0,134.34,127.93,130.14,74558301.0,9738550000.0,77.45,77.95,72.95,74.0,74473870.0,5588484275.9,1.7586
2026-06-17,127.91,134.88,126.68,134.7,96356212.0,12699100000.0,73.0,76.5,72.4,75.75,97501973.0,7279235013.3,1.7782
2026-06-18,136.11,144.63,132.88,140.7,124493714.0,17289250000.0,76.1,79.45,73.75,76.5,203554119.0,15559424914.7,1.8392
2026-06-22,140.78,148.0,140.0,145.59,106096058.0,15251150000.0,78.8,82.4,77.15,78.9,171994651.0,13669507199.7,1.8452
2026-06-23,143.58,148.3,139.6,141.7,91820109.0,13211880000.0,79.2,84.1,76.5,77.85,182963530.0,14700757649.15,1.8202
2026-06-24,141.5,156.35,141.32,151.53,141162383.0,21160850000.0,77.6,86.45,77.6,84.8,218098916.0,18241345080.4,1.7869
2026-06-25,152.0,158.66,151.0,156.86,118610237.0,18470620000.0,87.4,88.7,83.8,86.0,127969567.0,11048462055.25,1.824
2026-06-26,153.7,156.22,146.5,148.76,107615543.0,16171920000.0,84.5,85.25,79.05,80.0,142920129.0,11608917778.0,1.8595
2026-06-29,147.8,152.99,141.0,151.0,102740101.0,15158410000.0,79.55,85.8,79.35,84.8,124513219.0,10281331877.7,1.7807
2026-06-30,152.05,160.66,150.0,158.82,106679541.0,16679550000.0,84.6,91.55,84.25,89.4,176623921.0,15767983901.05,1.7765
2026-07-01,160.19,166.88,152.31,154.48,114677718.0,18327900000.0,,,,,,,
2026-07-02,146.5,151.69,141.26,144.1,94902364.0,13942690000.0,84.1,84.2,78.55,80.4,178219425.0,14496277976.65,1.7923
2026-07-03,144.89,146.45,140.2,140.31,77041178.0,11011800000.0,80.0,81.45,76.45,77.6,124053283.0,9775810656.3,1.8081
